date,day_of_week,month,is_weekend,day_of_year,rainfall,humidity,temperature,humidity_drop,festival,festival_name,respiratory_alert,actual_patients,baseline_patients
2023-01-01,6,1,1,1,0.0,52.483570765056164,27.94780247960799,0,0,None,0.0,93,110
2023-01-02,0,1,0,2,0.0,59.93731356277662,28.650461335147803,0,0,None,0.0,110,110
2023-01-03,1,1,0,3,0.0,74.88352679009229,29.40925042984563,0,0,None,0.0,104,110
2023-01-04,2,1,0,4,0.0,67.07231468790089,27.55625742324438,0,0,None,0.0,111,110
2023-01-05,3,1,0,5,0.0,69.62427429541036,25.559903626700535,0,0,None,0.0,112,110
2023-01-06,4,1,0,6,0.0,73.00708026383872,26.229694490813383,0,0,None,0.0,112,110
2023-01-07,5,1,1,7,0.0,65.06129567516169,26.482584672493825,0,0,None,0.0,103,110
2023-01-08,6,1,1,8,0.0,64.86488433041109,29.582974560935234,0,0,None,0.0,99,110
2023-01-09,0,1,0,9,0.0,65.2510632434563,28.937927987886205,0,0,None,0.0,123,110
2023-01-10,1,1,0,10,0.0,65.0489433981617,30.277625452477345,0,0,None,0.0,137,110
2023-01-11,2,1,0,11,0.0,65.00125561848535,31.719550825979628,0,0,None,0.0,142,110
2023-01-12,3,1,0,12,0.0,65.33200710448463,29.017230705862907,0,0,None,1.0,173,110
2023-01-13,4,1,0,13,0.0,72.17912598141287,27.278342090064292,0,0,None,1.0,175,110
2023-01-14,5,1,1,14,0.0,83.32739040404478,30.983823416453227,0,0,None,0.0,121,110
2023-01-15,6,1,1,15,0.0,75.357810980786,29.53381889736589,0,0,None,0.0,105,110
2023-01-16,0,1,0,16,0.0,65.02613548183166,26.984849467365194,0,0,None,0.0,117,110
2023-01-17,1,1,0,17,0.0,65.70203324156739,31.028095503731418,0,0,None,0.0,115,110
2023-01-18,2,1,0,18,0.0,62.48764512490564,29.726249447223477,0,0,None,0.0,121,110
2023-01-19,3,1,0,19,0.0,64.11291902345134,30.523862741723125,0,0,None,0.0,122,110
2023-01-20,4,1,0,20,42.24741943715315,94.1012911357466,26.85979273292955,0,0,None,0.0,138,110
2023-01-21,5,1,1,21,0.0,72.78442877662646,28.83316451840442,1,0,None,0.0,113,110
2023-01-22,6,1,1,22,0.0,71.21320291234312,31.311940405136905,0,0,None,0.0,95,110
2023-01-23,0,1,0,23,0.0,68.35397997611535,29.312742068188584,0,0,None,1.0,134,110
2023-01-24,1,1,0,24,0.0,72.73342510719407,32.0417999888861,0,0,None,1.0,147,110
2023-01-25,2,1,0,25,0.0,64.3575356388614,29.97226239551931,0,0,None,0.0,140,110
2023-01-26,3,1,0,26,0.0,69.67848515531435,32.47093281245111,0,0,None,0.0,111,110
2023-01-27,4,1,0,27,0.0,85.79717829919623,28.86056050110099,0,0,None,0.0,125,110
2023-01-28,5,1,1,28,0.0,72.59467100103011,29.86924032881545,0,0,None,1.0,128,110
2023-01-29,6,1,1,29,0.0,74.03659665333524,30.422169697172166,0,0,None,0.0,115,110
2023-01-30,0,1,0,30,0.0,77.19678955437462,29.691472423389417,0,0,None,1.0,165,110
2023-01-31,1,1,0,31,0.0,69.37855080231678,29.903051528200937,0,0,None,0.0,160,110
2023-02-01,2,2,0,32,0.0,73.45272074897373,31.11020470131728,0,0,None,0.0,166,110
2023-02-02,3,2,0,33,0.0,76.54985481754363,30.953355798623747,0,0,None,0.0,143,110
2023-02-03,4,2,0,34,0.0,66.79970549412197,30.270683345941443,0,0,None,0.0,137,110
2023-02-04,5,2,1,35,0.0,74.72860919952217,30.395579775217158,0,0,None,0.0,115,110
2023-02-05,6,2,1,36,0.0,69.97128912311675,30.55212066720628,0,0,None,0.0,107,110
2023-02-06,0,2,0,37,0.0,67.01667556672189,30.539928150098902,0,0,None,0.0,137,110
2023-02-07,1,2,0,38,0.0,67.59690655501434,31.648460635797438,0,0,None,0.0,146,110
2023-02-08,2,2,0,39,0.0,63.80409726866656,33.21617185019328,0,0,None,0.0,156,110
2023-02-09,3,2,0,40,0.0,58.16696337723811,31.137390691277062,0,0,None,0.0,154,110
2023-02-10,4,2,0,41,0.0,67.14513108819595,30.59423388435289,0,0,None,0.0,136,110
2023-02-11,5,2,1,42,0.0,67.46722139373358,31.76049410471181,0,0,None,0.0,105,110
2023-02-12,6,2,1,43,0.0,70.19254909967994,31.361147869247866,0,0,None,0.0,96,110
2023-02-13,0,2,0,44,0.0,74.7526238925111,32.5631633851485,0,0,None,0.0,122,110
2023-02-14,1,2,0,45,0.0,65.94138556175376,33.57331521365725,0,0,None,0.0,143,110
2023-02-15,2,2,0,46,0.0,71.12256258135211,34.84396655012384,0,0,None,0.0,141,110
2023-02-16,3,2,0,47,0.0,66.75735010525379,33.00296410399249,0,0,None,0.0,150,110
2023-02-17,4,2,0,48,0.0,68.84972684648896,30.92187163364563,0,0,None,0.0,152,110
2023-02-18,5,2,1,49,0.0,68.81566709799849,31.186551493233964,0,0,None,0.0,133,110
2023-02-19,6,2,1,50,0.0,63.45161485096917,32.501917688345586,0,0,None,0.0,111,110
2023-02-20,0,2,0,51,0.0,70.79306405000251,31.605668069125095,0,0,None,0.0,119,110
2023-02-21,1,2,0,52,0.0,65.24234634831932,31.418386981045362,0,0,None,0.0,137,110
2023-02-22,2,2,0,53,0.0,66.2647441408229,32.788910981584834,0,0,None,0.0,139,110
2023-02-23,3,2,0,54,0.0,69.39024850118523,33.96751957229703,0,0,None,0.0,133,110
2023-02-24,4,2,0,55,0.0,67.25559491109257,31.74889521939355,0,0,None,0.0,134,110
2023-02-25,5,2,1,56,0.0,69.75053295346063,33.28011707417804,0,1,Local Festival,0.0,153,110
2023-02-26,6,2,1,57,0.0,75.44709066201457,30.855133897754712,0,0,None,0.0,126,110
2023-02-27,0,2,0,58,0.0,71.34188238413229,32.722764342417854,0,0,None,0.0,147,110
2023-02-28,1,2,0,59,0.0,70.39981782432083,33.520187606502596,0,0,None,0.0,141,110
2023-03-01,2,3,0,60,2.674922535898733,71.2915898927709,30.201045199250284,0,0,None,1.0,173,110
2023-03-02,3,3,0,61,0.0,63.301800492540934,33.32211218659873,0,0,None,0.0,181,110
2023-03-03,4,3,0,62,0.0,63.90446297518855,30.683816446040417,0,0,None,0.0,162,110
2023-03-04,5,3,1,63,0.0,72.59777324125932,33.039508940121564,0,0,None,0.0,138,110
2023-03-05,6,3,1,64,0.0,65.181349198355,32.678699510940206,0,0,None,0.0,133,110
2023-03-06,0,3,0,65,0.0,63.58869769154339,31.274438920813058,0,0,None,0.0,134,110
2023-03-07,1,3,0,66,0.0,72.11110727926315,32.175677301722466,0,0,None,0.0,161,110
2023-03-08,2,3,0,67,0.0,69.48723091524216,34.75094105666264,0,0,None,0.0,141,110
2023-03-09,3,3,0,68,0.0,61.865419847140686,32.553061954440956,0,0,None,0.0,147,110
2023-03-10,4,3,0,69,0.0,62.01862147912257,33.36141704076076,0,0,None,0.0,141,110
2023-03-11,5,3,1,70,0.0,66.78306235141622,33.779697371036235,0,1,Local Festival,0.0,166,110
2023-03-12,6,3,1,71,0.0,64.12264387994121,30.42700945268068,0,0,None,0.0,137,110
2023-03-13,0,3,0,72,0.0,63.19429567993085,31.958533960682278,0,0,None,0.0,117,110
2023-03-14,1,3,0,73,0.0,68.50476376524207,33.33325865106902,0,0,None,0.0,142,110
2023-03-15,2,3,0,74,0.0,69.85572136777408,31.567768795873985,0,0,None,0.0,161,110
2023-03-16,3,3,0,75,0.0,69.26218786578481,31.09119347261557,0,0,None,0.0,165,110
2023-03-17,4,3,0,76,0.0,73.21467336145923,34.42799750442089,0,0,None,0.0,174,110
2023-03-18,5,3,1,77,0.0,62.75458783250639,31.443582049384855,0,0,None,0.0,137,110
2023-03-19,6,3,1,78,0.0,69.07316316585555,33.25631351233226,0,0,None,0.0,112,110
2023-03-20,0,3,0,79,0.0,71.38987106470135,38.66833894351036,0,0,None,0.0,123,110
2023-03-21,1,3,0,80,0.0,75.9323808528007,34.388836267114215,0,0,None,0.0,142,110
2023-03-22,2,3,0,81,0.0,68.61012994735842,34.060822914500356,0,0,None,0.0,161,110
2023-03-23,3,3,0,82,0.0,69.54713998001839,31.652853835225876,0,0,None,0.0,168,110
2023-03-24,4,3,0,83,0.0,80.48272082937122,30.148764686549146,0,1,Local Festival,0.0,201,110
2023-03-25,5,3,1,84,0.0,69.0238851389248,33.08140911590088,0,0,None,0.0,162,110
2023-03-26,6,3,1,85,0.0,66.44511769883779,34.60451542992081,0,0,None,0.0,159,110
2023-03-27,0,3,0,86,0.0,76.09092424543195,33.172421480842516,0,0,None,1.0,168,110
2023-03-28,1,3,0,87,0.0,66.5663516905007,33.31131274991374,0,0,None,0.0,162,110
2023-03-29,2,3,0,88,0.0,80.25845012506245,35.75729774325862,0,0,None,0.0,150,110
2023-03-30,3,3,0,89,0.0,60.925977091724455,33.27593152835256,1,0,None,0.0,156,110
2023-03-31,4,3,0,90,0.0,64.96270169724897,30.495143971263655,0,0,None,0.0,162,110
2023-04-01,5,4,1,91,0.0,70.51747673435207,34.298586489936135,0,0,None,0.0,139,110
2023-04-02,6,4,1,92,0.0,67.43225989111858,32.522812933507815,0,0,None,0.0,136,110
2023-04-03,0,4,0,93,0.0,77.31372317962919,33.60520396987822,0,0,None,0.0,160,110
2023-04-04,1,4,0,94,0.0,72.3492259632279,35.4714250576444,0,0,None,0.0,151,110
2023-04-05,2,4,0,95,0.0,61.872995362875514,32.263234695027585,0,0,None,0.0,158,110
2023-04-06,3,4,0,96,0.0,66.18763926654177,35.79130302947931,0,0,None,0.0,161,110
2023-04-07,4,4,0,97,0.0,52.03119115296299,31.43894509350205,0,0,None,1.0,181,110
2023-04-08,5,4,1,98,0.0,55.43143037280436,31.015994983946907,0,0,None,0.0,122,110
2023-04-09,6,4,1,99,0.0,63.88606364107596,33.15168118589641,0,0,None,0.0,98,110
2023-04-10,0,4,0,100,0.0,68.0697572397494,36.46538334383719,0,0,None,0.0,114,110
2023-04-11,1,4,0,101,0.0,63.70640819271013,33.62289596121406,0,0,None,0.0,135,110
2023-04-12,2,4,0,102,0.0,66.72899400938428,33.00597767057565,0,0,None,0.0,139,110
2023-04-13,3,4,0,103,0.0,68.91338552813309,33.89126447000902,0,0,None,0.0,150,110
2023-04-14,4,4,0,104,0.0,65.70700871676996,36.04702921558622,0,0,None,0.0,125,110
2023-04-15,5,4,1,105,0.0,67.38247626817608,33.74306679287217,0,0,None,0.0,136,110
2023-04-16,6,4,1,106,0.0,66.04433142337342,33.1510863070489,0,0,None,0.0,119,110
2023-04-17,0,4,0,107,0.0,65.26204249995362,34.09175588835228,0,0,None,0.0,128,110
2023-04-18,1,4,0,108,0.0,72.8124639692242,34.97241445613004,0,0,None,0.0,150,110
2023-04-19,2,4,0,109,0.0,73.62680338803963,33.71284824603765,0,0,None,0.0,148,110
2023-04-20,3,4,0,110,0.0,72.4840457299333,31.67661596316963,0,0,None,0.0,138,110
2023-04-21,4,4,0,111,0.0,69.39230117616592,32.88979679191527,0,0,None,0.0,156,110
2023-04-22,5,4,1,112,0.0,65.53244659432711,34.42731270809732,0,0,None,0.0,124,110
2023-04-23,6,4,1,113,0.0,67.01808330272932,34.30178493317069,0,0,None,0.0,103,110
2023-04-24,0,4,0,114,0.0,66.36403989668939,33.013888194924164,0,0,None,0.0,114,110
2023-04-25,1,4,0,115,0.0,74.80020201510953,32.619423892746106,0,0,None,0.0,136,110
2023-04-26,2,4,0,116,0.0,68.76391641367313,33.833985217072865,0,0,None,0.0,137,110
2023-04-27,3,4,0,117,58.94768242406134,96.87142218332258,25.70236874485472,0,0,None,0.0,159,110
2023-04-28,4,4,0,118,0.0,74.8592642616281,33.37193199182992,1,0,None,0.0,134,110
2023-04-29,5,4,1,119,0.0,61.01162735164955,31.770126345462604,0,0,None,1.0,133,110
2023-04-30,6,4,1,120,0.0,72.99287983783024,33.58755506081208,0,0,None,1.0,153,110
2023-05-01,0,5,0,121,0.0,66.10284307710646,32.345306024177894,0,0,None,0.0,137,110
2023-05-02,1,5,0,122,0.0,73.09616728251004,32.09512456799635,0,0,None,0.0,131,110
2023-05-03,2,5,0,123,0.0,72.68844016387912,34.30843203089911,0,0,None,0.0,146,110
2023-05-04,3,5,0,124,0.0,70.76252088831944,31.465830523708625,0,0,None,1.0,171,110
2023-05-05,4,5,0,125,0.0,71.94805019073652,33.488439784238906,0,0,None,0.0,155,110
2023-05-06,5,5,1,126,0.0,62.14918833066069,30.020575332054715,0,0,None,0.0,149,110
2023-05-07,6,5,1,127,0.0,64.10870044961003,34.12285730660184,0,0,None,0.0,130,110
2023-05-08,0,5,0,128,0.0,69.37627791791202,34.24543405702906,0,0,None,0.0,134,110
2023-05-09,1,5,0,129,0.0,67.36363437320087,31.974070075427633,0,0,None,0.0,125,110
2023-05-10,2,5,0,130,0.0,70.08631967633062,30.687402860065088,0,0,None,0.0,133,110
2023-05-11,3,5,0,131,0.0,71.48069635426816,32.00772971603282,0,0,None,0.0,128,110
2023-05-12,4,5,0,132,0.0,72.7468592294092,31.21761235612396,0,0,None,0.0,151,110
2023-05-13,5,5,1,133,0.0,69.89763516847623,33.23859059719774,0,0,None,0.0,133,110
2023-05-14,6,5,1,134,0.0,69.4679075264394,30.54659537845978,0,0,None,0.0,132,110
2023-05-15,0,5,0,135,0.0,80.2723879931239,32.25712779800733,0,0,None,0.0,135,110
2023-05-16,1,5,0,136,0.0,81.82038988618257,30.437363224047733,0,0,None,0.0,147,110
2023-05-17,2,5,0,137,0.0,70.80941829908897,32.99238174025754,0,1,Local Festival,0.0,188,110
2023-05-18,3,5,0,138,0.0,64.96327444891391,30.567317166268854,0,0,None,0.0,182,110
2023-05-19,4,5,0,139,0.0,73.15565690987266,28.688670059891056,0,0,None,0.0,152,110
2023-05-20,5,5,1,140,0.0,71.33991126086033,34.1545755798915,0,0,None,0.0,120,110
2023-05-21,6,5,1,141,0.0,72.124719803806,32.73156751606525,0,0,None,0.0,113,110
2023-05-22,0,5,0,142,0.0,62.823777925657986,33.95746171496435,0,0,None,0.0,144,110
2023-05-23,1,5,0,143,0.0,67.19670000617207,30.720482289498356,0,0,None,0.0,145,110
2023-05-24,2,5,0,144,0.0,59.87366735578003,33.10723156106476,0,0,None,0.0,137,110
2023-05-25,3,5,0,145,0.0,68.35290926059305,31.4262048685806,0,0,None,0.0,159,110
2023-05-26,4,5,0,146,0.0,60.69844355814678,30.039863727031708,0,0,None,0.0,148,110
2023-05-27,5,5,1,147,0.0,68.43663525662784,31.322383775019087,0,0,None,0.0,124,110
2023-05-28,6,5,1,148,0.0,68.71354554991649,30.868417202697994,0,0,None,0.0,113,110
2023-05-29,0,5,0,149,0.0,67.1775905689011,28.32751698389703,0,0,None,0.0,107,110
2023-05-30,1,5,0,150,0.0,69.0369962723397,31.42530849189779,0,0,None,1.0,154,110
2023-05-31,2,5,0,151,0.0,74.10963332502028,32.89236845045654,0,0,None,0.0,157,110
2023-06-01,3,6,0,152,0.0,96.48349672490201,29.38347926239405,0,0,None,0.0,144,110
2023-06-02,4,6,0,153,0.0,99.87100668604988,32.75825781764291,0,0,None,0.0,141,110
2023-06-03,5,6,1,154,0.0,100.0,32.98880880203413,0,0,None,0.0,122,110
2023-06-04,6,6,1,155,0.0,94.89808376368923,29.875891810648866,0,0,None,0.0,106,110
2023-06-05,0,6,0,156,35.17643631656464,100.0,28.001688042816177,0,0,None,0.0,113,110
2023-06-06,1,6,0,157,2.1991882684241797,92.44522861538425,32.07159106097807,0,0,None,0.0,131,110
2023-06-07,2,6,0,158,0.0,97.14201155085406,31.12309317777205,0,0,None,0.0,128,110
2023-06-08,3,6,0,159,0.0,96.99482982995707,31.96961984457854,0,0,None,1.0,160,110
2023-06-09,4,6,0,160,0.0,90.88205376921563,29.805218277674896,0,0,None,0.0,151,110
2023-06-10,5,6,1,161,0.0,98.14541505547376,30.413247644277202,0,0,None,0.0,141,110
2023-06-11,6,6,1,162,0.0,93.10673550857048,30.732570386598724,0,0,None,0.0,113,110
2023-06-12,0,6,0,163,3.4493804928103966,100.0,27.892284682350578,0,0,None,0.0,124,110
2023-06-13,1,6,0,164,6.362089736922078,100.0,30.362039711738785,0,0,None,0.0,127,110
2023-06-14,2,6,0,165,0.0,97.76658264654667,28.77005707441455,0,0,None,0.0,129,110
2023-06-15,3,6,0,166,4.6261836016395215,97.78891296368666,28.099996775981342,0,0,None,0.0,129,110
2023-06-16,4,6,0,167,1.928343202400288,93.35150984777486,28.83819390753007,0,0,None,0.0,133,110
2023-06-17,5,6,1,168,0.0,100.0,29.28800623036227,0,0,None,0.0,132,110
2023-06-18,6,6,1,169,40.16235609565299,100.0,25.456262607689094,0,0,None,0.0,114,110
2023-06-19,0,6,0,170,0.0,100.0,28.137058993395655,0,0,None,0.0,110,110
2023-06-20,1,6,0,171,0.0,97.34749426194736,28.119637088000864,0,0,None,0.0,117,110
2023-06-21,2,6,0,172,0.0,100.0,28.432746531702023,0,0,None,0.0,126,110
2023-06-22,3,6,0,173,0.0,100.0,28.44048100535802,0,0,None,0.0,110,110
2023-06-23,4,6,0,174,7.273415547059931,100.0,28.468529661708686,0,0,None,0.0,119,110
2023-06-24,5,6,1,175,0.0,95.13865726137965,28.762964564989215,0,0,None,0.0,105,110
2023-06-25,6,6,1,176,0.0,90.99549985098807,28.863490489409312,0,0,None,0.0,80,110
2023-06-26,0,6,0,177,0.0,97.26457435739556,28.400997433025687,0,0,None,0.0,112,110
2023-06-27,1,6,0,178,0.0,96.22005045026647,26.764610390745723,0,0,None,0.0,120,110
2023-06-28,2,6,0,179,0.0,100.0,29.666912570385584,0,0,None,0.0,134,110
2023-06-29,3,6,0,180,0.0,99.96013679341691,30.43502737335769,0,0,None,0.0,136,110
2023-06-30,4,6,0,181,19.256459082370565,100.0,27.0118113584256,0,0,None,0.0,135,110
2023-07-01,5,7,1,182,0.0,98.05965405101293,27.04043203198854,0,0,None,0.0,109,110
2023-07-02,6,7,1,183,0.0,100.0,30.821089976261753,0,0,None,0.0,109,110
2023-07-03,0,7,0,184,0.0,100.0,28.06195601667007,0,0,None,0.0,99,110
2023-07-04,1,7,0,185,0.0,96.74678715439086,27.054200759330303,0,0,None,0.0,102,110
2023-07-05,2,7,0,186,0.0,95.20643857578449,26.88117981417327,0,0,None,0.0,112,110
2023-07-06,3,7,0,187,0.0,99.28389585488104,26.366642429216125,0,0,None,0.0,114,110
2023-07-07,4,7,0,188,0.0,100.0,27.399953002170257,0,0,None,0.0,102,110
2023-07-08,5,7,1,189,0.0,97.11614334715834,28.57479180313016,0,0,None,0.0,97,110
2023-07-09,6,7,1,190,0.0,100.0,27.6675143404758,0,1,Local Festival,0.0,129,110
2023-07-10,0,7,0,191,0.0,91.65297359439315,28.08604430397053,0,0,None,0.0,124,110
2023-07-11,1,7,0,192,0.0,95.50780970253075,25.682894849864315,0,1,Local Festival,0.0,148,110
2023-07-12,2,7,0,193,0.0,90.96384975109034,27.17329449136426,0,0,None,0.0,125,110
2023-07-13,3,7,0,194,0.0,90.5713172843681,28.213240022900074,0,0,None,1.0,145,110
2023-07-14,4,7,0,195,0.0,97.78386446363704,25.115871123157337,0,0,None,0.0,124,110
2023-07-15,5,7,1,196,0.0,98.81401586769216,26.237281442394043,0,0,None,0.0,109,110
2023-07-16,6,7,1,197,0.0,100.0,25.899551293310598,0,0,None,0.0,66,110
2023-07-17,0,7,0,198,0.0,100.0,27.83912976031197,0,0,None,0.0,77,110
2023-07-18,1,7,0,199,0.0,87.64177749936356,25.403503740798204,0,0,None,0.0,99,110
2023-07-19,2,7,0,200,0.0,98.37700192182459,26.650526782351022,0,0,None,0.0,107,110
2023-07-20,3,7,0,201,0.0,100.0,26.20094894223275,0,0,None,0.0,111,110
2023-07-21,4,7,0,202,0.0,99.40074540317201,26.52355177919682,0,0,None,0.0,102,110
2023-07-22,5,7,1,203,0.0,97.44211796027193,25.623101154916903,0,0,None,1.0,112,110
2023-07-23,6,7,1,204,0.0,100.0,27.74381273697206,0,0,None,0.0,93,110
2023-07-24,0,7,0,205,0.0,100.0,25.622424875728417,0,0,None,0.0,120,110
2023-07-25,1,7,0,206,0.0,98.74938699462744,27.983627266461117,0,0,None,0.0,114,110
2023-07-26,2,7,0,207,0.0,90.39591779379622,25.425949979859933,0,0,None,0.0,107,110
2023-07-27,3,7,0,208,0.0,90.1779238750416,25.899078428118127,0,0,None,0.0,142,110
2023-07-28,4,7,0,209,0.0,100.0,22.480703114735697,0,0,None,0.0,124,110
2023-07-29,5,7,1,210,0.0,95.57592029041008,26.150878424294152,0,0,None,0.0,77,110
2023-07-30,6,7,1,211,0.0,91.72225282918282,27.359833526441072,0,0,None,0.0,60,110
2023-07-31,0,7,0,212,0.0,100.0,27.439627047304135,0,0,None,0.0,83,110
2023-08-01,1,8,0,213,0.0,100.0,25.86612181222163,0,0,None,0.0,93,110
2023-08-02,2,8,0,214,0.0,94.54304781353265,24.194185886029395,0,0,None,0.0,128,110
2023-08-03,3,8,0,215,0.0,99.26644074880349,24.62986358904266,0,0,None,0.0,115,110
2023-08-04,4,8,0,216,0.0,98.11565448089593,26.51750583417465,0,0,None,1.0,127,110
2023-08-05,5,8,1,217,0.0,98.27375621971234,23.733908114275657,0,0,None,0.0,86,110
2023-08-06,6,8,1,218,0.0,97.5177115316951,24.30217000045787,0,0,None,0.0,66,110
2023-08-07,0,8,0,219,0.0,100.0,27.09453052674506,0,0,None,0.0,88,110
2023-08-08,1,8,0,220,0.0,91.8389096028574,25.413326165252684,0,0,None,0.0,110,110
2023-08-09,2,8,0,221,0.0,89.47418067605008,27.167643467417136,0,0,None,0.0,103,110
2023-08-10,3,8,0,222,0.0,98.79749034423718,28.821543302118656,0,0,None,0.0,112,110
2023-08-11,4,8,0,223,0.0,100.0,25.878376369665222,0,0,None,0.0,108,110
2023-08-12,5,8,1,224,0.0,100.0,25.387393211924785,0,0,None,0.0,75,110
2023-08-13,6,8,1,225,0.0,100.0,26.6778107481648,0,0,None,0.0,75,110
2023-08-14,0,8,0,226,0.0,100.0,24.746276116484466,0,0,None,0.0,87,110
2023-08-15,1,8,0,227,0.0,95.0519758987071,24.344913485415645,0,0,None,0.0,90,110
2023-08-16,2,8,0,228,0.0,100.0,25.2580109501258,0,0,None,0.0,109,110
2023-08-17,3,8,0,229,0.0,99.20996050710505,23.77129382669906,0,0,None,0.0,117,110
2023-08-18,4,8,0,230,0.0,100.0,20.871106168600367,0,0,None,0.0,115,110
2023-08-19,5,8,1,231,0.0,93.55019550129472,22.3512717876616,0,0,None,0.0,82,110
2023-08-20,6,8,1,232,0.0,91.19621401210593,23.84556311500223,0,0,None,0.0,78,110
2023-08-21,0,8,0,233,0.0,97.01052748199146,23.77147158142578,0,0,None,0.0,95,110
2023-08-22,1,8,0,234,0.0,100.0,23.88975895311812,0,0,None,0.0,93,110
2023-08-23,2,8,0,235,0.0,100.0,25.761598268928065,0,1,Local Festival,0.0,126,110
2023-08-24,3,8,0,236,27.231704925899724,100.0,19.636126325384446,0,0,None,0.0,119,110
2023-08-25,4,8,0,237,86.52122422726138,100.0,15.40430549669087,0,0,None,0.0,134,110
2023-08-26,5,8,1,238,20.792043828239986,100.0,21.621564742060507,0,0,None,0.0,108,110
2023-08-27,6,8,1,239,3.173556447132238,100.0,22.73573620496658,0,0,None,0.0,75,110
2023-08-28,0,8,0,240,0.0,100.0,19.83134556733276,0,0,None,1.0,123,110
2023-08-29,1,8,0,241,0.0,100.0,20.66366936462246,0,0,None,0.0,131,110
2023-08-30,2,8,0,242,0.0,100.0,23.346157248692318,0,0,None,1.0,129,110
2023-08-31,3,8,0,243,0.0,92.9624415264109,22.51756432836413,0,0,None,0.0,113,110
2023-09-01,4,9,0,244,0.0,96.78303344911717,23.537083672083877,0,0,None,0.0,130,110
2023-09-02,5,9,1,245,0.0,100.0,25.50727162262356,0,0,None,0.0,81,110
2023-09-03,6,9,1,246,6.274824346667625,100.0,21.238653295359928,0,0,None,0.0,72,110
2023-09-04,0,9,0,247,1.6490408790205922,98.20191910811143,24.089961300265276,0,0,None,0.0,91,110
2023-09-05,1,9,0,248,0.0,97.88697618222835,23.13939691104619,0,0,None,0.0,95,110
2023-09-06,2,9,0,249,0.0,100.0,24.11337181675798,0,0,None,0.0,81,110
2023-09-07,3,9,0,250,0.0,100.0,21.901447823243643,0,0,None,0.0,82,110
2023-09-08,4,9,0,251,0.0,100.0,22.914226730063547,0,0,None,0.0,80,110
2023-09-09,5,9,1,252,2.2346784907612283,100.0,21.246242131156027,0,0,None,1.0,102,110
2023-09-10,6,9,1,253,0.0,93.79249384525438,22.091135154940574,0,0,None,0.0,64,110
2023-09-11,0,9,0,254,0.0,90.97535290143135,24.19520921006636,0,0,None,1.0,114,110
2023-09-12,1,9,0,255,0.0,100.0,20.00337556937785,0,0,None,0.0,120,110
2023-09-13,2,9,0,256,0.0,100.0,23.086525349042184,0,0,None,0.0,116,110
2023-09-14,3,9,0,257,0.0,100.0,23.15997353910866,0,0,None,0.0,104,110
2023-09-15,4,9,0,258,0.0,98.18193893893073,23.097228821597653,0,0,None,0.0,97,110
2023-09-16,5,9,1,259,0.0,100.0,24.16869701150034,0,0,None,0.0,83,110
2023-09-17,6,9,1,260,0.0,100.0,22.863434012325673,0,0,None,0.0,68,110
2023-09-18,0,9,0,261,0.0,93.55776310121338,23.27117338021924,0,0,None,0.0,84,110
2023-09-19,1,9,0,262,0.0,99.69077889573109,21.634372375350004,0,0,None,0.0,99,110
2023-09-20,2,9,0,263,0.0,100.0,24.161754609789664,0,0,None,0.0,93,110
2023-09-21,3,9,0,264,0.0,100.0,24.54429572609912,0,0,None,0.0,122,110
2023-09-22,4,9,0,265,0.0,94.98121054218315,23.82205663321178,0,0,None,0.0,124,110
2023-09-23,5,9,1,266,0.0,89.7918709517784,21.125064229929176,0,0,None,0.0,94,110
2023-09-24,6,9,1,267,0.0,96.21830875887149,23.331553298007368,0,0,None,0.0,70,110
2023-09-25,0,9,0,268,0.0,96.18607273681455,20.91448179922418,0,0,None,0.0,106,110
2023-09-26,1,9,0,269,0.0,100.0,21.691038807932745,0,0,None,0.0,94,110
2023-09-27,2,9,0,270,0.0,95.25300555584029,26.958987292929127,0,0,None,0.0,77,110
2023-09-28,3,9,0,271,0.0,99.52720514590666,23.27415661689828,0,0,None,0.0,95,110
2023-09-29,4,9,0,272,0.0,97.02725189799246,23.185283318531255,0,0,None,1.0,134,110
2023-09-30,5,9,1,273,0.0,90.95766424920714,24.481100006919377,0,0,None,0.0,95,110
2023-10-01,6,10,1,274,0.0,73.01659039735661,25.656247254772314,1,0,None,0.0,77,110
2023-10-02,0,10,0,275,0.0,61.81355649108798,22.40058544982557,0,0,None,0.0,72,110
2023-10-03,1,10,0,276,0.0,70.52474999349519,24.46258161824168,0,0,None,1.0,104,110
2023-10-04,2,10,0,277,0.0,60.29061535434384,24.724025698146807,0,0,None,0.0,88,110
2023-10-05,3,10,0,278,0.0,66.68595592536855,23.944383280785242,0,0,None,1.0,137,110
2023-10-06,4,10,0,279,0.0,73.6600345752072,23.199813522594706,0,0,None,0.0,135,110
2023-10-07,5,10,1,280,0.0,72.53095915469663,24.650081553862172,0,0,None,0.0,93,110
2023-10-08,6,10,1,281,0.0,67.23747028825711,23.988301403600534,0,0,None,0.0,81,110
2023-10-09,0,10,0,282,0.0,70.59558515331436,23.3618690553079,0,0,None,0.0,82,110
2023-10-10,1,10,0,283,0.0,73.21154070385558,23.26402426939907,0,0,None,0.0,82,110
2023-10-11,2,10,0,284,0.0,64.2370254387298,24.657360196238894,0,0,None,0.0,86,110
2023-10-12,3,10,0,285,0.0,73.49275227542167,22.972843988078466,0,0,None,1.0,123,110
2023-10-13,4,10,0,286,0.0,74.38996948496433,22.336691200145655,0,0,None,0.0,110,110
2023-10-14,5,10,1,287,0.0,62.85219428517056,23.881047739413916,0,0,None,0.0,58,110
2023-10-15,6,10,1,288,0.0,68.68110771520267,22.431557458247248,0,0,None,0.0,55,110
2023-10-16,0,10,0,289,0.0,67.43108527680656,23.373777392955255,0,0,None,0.0,65,110
2023-10-17,1,10,0,290,0.0,75.72110647712998,23.48918324540586,0,0,None,0.0,61,110
2023-10-18,2,10,0,291,0.0,74.48304641628043,23.643374175133296,0,0,None,0.0,86,110
2023-10-19,3,10,0,292,0.0,70.3080292296332,24.842937981122258,0,0,None,0.0,83,110
2023-10-20,4,10,0,293,0.0,75.17746059888393,22.246870377669104,0,0,None,1.0,122,110
2023-10-21,5,10,1,294,0.0,81.52998273787304,22.756461869631035,0,0,None,0.0,97,110
2023-10-22,6,10,1,295,0.0,62.89689492190846,20.692915355894154,1,0,None,0.0,74,110
2023-10-23,0,10,0,296,0.0,65.47844489890241,22.939614668813256,0,0,None,0.0,75,110
2023-10-24,1,10,0,297,0.0,63.065109514362995,21.818775624674547,0,0,None,0.0,60,110
2023-10-25,2,10,0,298,0.0,67.4395974659387,23.780682157878115,0,0,None,0.0,90,110
2023-10-26,3,10,0,299,0.0,63.13502909480191,24.48886579067254,0,0,None,0.0,102,110
2023-10-27,4,10,0,300,0.0,72.5486178113433,23.18086238540052,0,0,None,0.0,108,110
2023-10-28,5,10,1,301,0.0,81.0583373392996,22.54424789738226,0,0,None,0.0,81,110
2023-10-29,6,10,1,302,0.0,72.0439285089252,24.318339346295403,0,0,None,1.0,100,110
2023-10-30,0,10,0,303,0.0,61.55898401349832,23.731485920389137,0,0,None,0.0,91,110
2023-10-31,1,10,0,304,0.0,64.19609417057583,22.829502547611632,0,0,None,0.0,90,110
2023-11-01,2,11,0,305,0.0,65.35937360248282,23.454007865183044,0,0,None,0.0,90,110
2023-11-02,3,11,0,306,0.0,75.17439596044584,22.894795101738143,0,0,None,0.0,89,110
2023-11-03,4,11,0,307,0.0,71.75297213976525,23.23207899529421,0,0,None,0.0,84,110
2023-11-04,5,11,1,308,0.0,70.36520953220955,21.57053069567511,0,0,None,0.0,60,110
2023-11-05,6,11,1,309,0.0,64.87249151352522,24.139663974643636,0,0,None,0.0,66,110
2023-11-06,0,11,0,310,0.0,64.91055485028312,23.36075236505922,0,0,None,0.0,85,110
2023-11-07,1,11,0,311,0.0,70.69960648400334,25.618609039984822,0,0,None,0.0,81,110
2023-11-08,2,11,0,312,0.0,68.25518515933042,22.847825849408434,0,0,None,1.0,132,110
2023-11-09,3,11,0,313,0.0,73.07154121466198,22.67249505753813,0,0,None,0.0,120,110
2023-11-10,4,11,0,314,0.0,67.02625174775154,24.488607793038657,0,0,None,0.0,106,110
2023-11-11,5,11,1,315,0.0,51.001206205749895,22.903136094391918,1,0,None,0.0,73,110
2023-11-12,6,11,1,316,0.0,62.75304402855887,25.831380877120832,0,0,None,1.0,102,110
2023-11-13,0,11,0,317,0.0,59.35362746739149,25.016737714151382,0,0,None,0.0,107,110
2023-11-14,1,11,0,318,0.0,69.82399964693985,26.0448351793948,0,0,None,0.0,118,110
2023-11-15,2,11,0,319,0.0,70.99288789508986,25.514227409292836,0,0,None,0.0,106,110
2023-11-16,3,11,0,320,0.0,74.53195102696375,26.256651750410274,0,0,None,0.0,100,110
2023-11-17,4,11,0,321,0.0,66.66043358087435,25.285579324997784,0,0,None,0.0,116,110
2023-11-18,5,11,1,322,0.0,67.4964963145906,24.847852435485255,0,0,None,0.0,86,110
2023-11-19,6,11,1,323,0.0,65.0515976575163,25.434260185130896,0,0,None,0.0,81,110
2023-11-20,0,11,0,324,0.0,68.15404364617734,26.674529988736037,0,0,None,0.0,76,110
2023-11-21,1,11,0,325,8.458183567796377,73.81539585323317,24.0466749610037,0,0,None,0.0,96,110
2023-11-22,2,11,0,326,0.0,73.52960051603488,22.864393639881424,0,0,None,0.0,95,110
2023-11-23,3,11,0,327,0.0,68.16702892844198,25.28634114092028,0,0,None,0.0,116,110
2023-11-24,4,11,0,328,0.0,71.32351755967261,25.09829764062084,0,0,None,0.0,100,110
2023-11-25,5,11,1,329,0.0,72.30418606051722,25.37591231746553,0,0,None,0.0,84,110
2023-11-26,6,11,1,330,0.0,70.33856636155598,25.779259741110547,0,0,None,1.0,101,110
2023-11-27,0,11,0,331,0.0,74.43587202161005,23.69805048504531,0,0,None,0.0,109,110
2023-11-28,1,11,0,332,0.0,60.83737989941848,26.75749658390335,0,0,None,0.0,114,110
2023-11-29,2,11,0,333,0.0,64.37286674352576,25.948739775769027,0,0,None,1.0,141,110
2023-11-30,3,11,0,334,0.0,67.21938131371017,22.403784919801225,0,0,None,0.0,133,110
2023-12-01,4,12,0,335,0.0,65.66787862927605,28.352857853360998,0,0,None,0.0,125,110
2023-12-02,5,12,1,336,0.0,61.984228834651134,25.33972031718995,0,0,None,0.0,81,110
2023-12-03,6,12,1,337,0.0,62.29068168127666,26.744783316434773,0,0,None,0.0,66,110
2023-12-04,0,12,0,338,0.0,73.06740228338958,27.724669028336265,0,0,None,0.0,67,110
2023-12-05,1,12,0,339,0.0,72.86448634647122,25.687358241578767,0,0,None,0.0,85,110
2023-12-06,2,12,0,340,0.0,63.43659836468996,28.404237417110778,0,0,None,0.0,97,110
2023-12-07,3,12,0,341,0.0,67.4593895911605,26.35756922795417,0,0,None,0.0,119,110
2023-12-08,4,12,0,342,0.0,64.9375182661759,25.068001347113,0,0,None,0.0,122,110
2023-12-09,5,12,1,343,0.0,61.72980653228296,28.31702419165652,0,0,None,0.0,101,110
2023-12-10,6,12,1,344,0.0,69.87347035951404,26.188232062855835,0,0,None,0.0,78,110
2023-12-11,0,12,0,345,0.0,70.68832080379133,26.99751533076011,0,0,None,0.0,76,110
2023-12-12,1,12,0,346,0.0,71.43730928986898,27.30492318226243,0,0,None,0.0,75,110
2023-12-13,2,12,0,347,0.0,70.27006770648114,27.53889951310132,0,0,None,0.0,101,110
2023-12-14,3,12,0,348,0.0,63.90042602728861,26.482938071123325,0,0,None,0.0,88,110
2023-12-15,4,12,0,349,0.0,64.39812369516137,29.341619861695698,0,0,None,0.0,111,110
2023-12-16,5,12,1,350,0.0,64.17546269919377,26.701799977334105,0,0,None,0.0,116,110
2023-12-17,6,12,1,351,0.0,72.03831028478237,25.827700201016665,0,0,None,0.0,111,110
2023-12-18,0,12,0,352,0.0,68.02316785797458,26.852308865402435,0,0,None,0.0,108,110
2023-12-19,1,12,0,353,0.0,66.34310197534953,23.33865851071347,0,0,None,0.0,118,110
2023-12-20,2,12,0,354,0.0,73.3862280073982,25.41842303168869,0,0,None,1.0,143,110
2023-12-21,3,12,0,355,0.0,64.84236488583358,27.07196724487964,0,1,Local Festival,0.0,162,110
2023-12-22,4,12,0,356,0.0,79.97860438634399,27.194551262511368,0,0,None,0.0,144,110
2023-12-23,5,12,1,357,0.0,69.89090000812047,27.35393489792547,0,0,None,0.0,116,110
2023-12-24,6,12,1,358,0.0,64.5965866617532,27.455450125255144,0,0,None,0.0,99,110
2023-12-25,0,12,0,359,0.0,62.911217282876066,27.06284107343389,0,0,None,0.0,111,110
2023-12-26,1,12,0,360,0.0,72.5266571431203,28.505140716294672,0,0,None,0.0,129,110
2023-12-27,2,12,0,361,0.0,76.50210861155406,29.04293839035755,0,0,None,0.0,134,110
2023-12-28,3,12,0,362,0.0,79.36032234298517,28.278790256921383,0,0,None,0.0,127,110
2023-12-29,4,12,0,363,0.0,75.3480305687357,28.780649644409227,0,0,None,0.0,126,110
2023-12-30,5,12,1,364,0.0,70.64227294482446,29.33915142571907,0,0,None,0.0,93,110
2023-12-31,6,12,1,365,0.0,79.50475895209122,26.966218272865653,0,0,None,0.0,95,110
2024-01-01,0,1,0,1,0.0,69.0533437063071,28.39289087491529,0,0,None,0.0,117,110
2024-01-02,1,1,0,2,0.0,65.55357872318918,27.446279307032245,0,0,None,0.0,134,110
2024-01-03,2,1,0,3,0.0,62.952834510287055,27.46415097979694,0,0,None,1.0,155,110
2024-01-04,3,1,0,4,0.0,67.4687939407525,31.557417671929393,0,0,None,0.0,149,110
2024-01-05,4,1,0,5,0.0,63.827691749922515,29.559812634253095,0,0,None,0.0,129,110
2024-01-06,5,1,1,6,0.0,67.9555557408255,28.695555477314567,0,0,None,1.0,122,110
2024-01-07,6,1,1,7,0.0,66.07983256719447,28.918432680067355,0,0,None,0.0,103,110
2024-01-08,0,1,0,8,0.0,66.92908382632217,26.18351774974994,0,0,None,0.0,110,110
2024-01-09,1,1,0,9,0.0,73.05021218690754,30.08128192625013,0,0,None,0.0,129,110
2024-01-10,2,1,0,10,0.0,63.481214122369806,26.659903400592658,0,0,None,0.0,141,110
2024-01-11,3,1,0,11,0.0,59.887208517496596,31.943739203011425,0,0,None,0.0,127,110
2024-01-12,4,1,0,12,0.0,72.3708458706558,28.967759795092036,0,0,None,0.0,133,110
2024-01-13,5,1,1,13,0.0,61.30940777142125,28.25045492819804,0,0,None,0.0,114,110
2024-01-14,6,1,1,14,0.0,74.64458330291373,31.263500861250925,0,0,None,0.0,108,110
2024-01-15,0,1,0,15,0.0,71.9370441880401,28.248351053958224,0,0,None,0.0,128,110
2024-01-16,1,1,0,16,0.0,66.63588306838092,28.35235573576345,0,0,None,0.0,135,110
2024-01-17,2,1,0,17,0.0,69.94617725170592,29.00517719591281,0,0,None,0.0,123,110
2024-01-18,3,1,0,18,0.0,71.70723622331334,28.968684625152285,0,0,None,1.0,160,110
2024-01-19,4,1,0,19,0.0,58.169315033091664,29.959148051743874,0,0,None,0.0,161,110
2024-01-20,5,1,1,20,0.0,64.82165829960266,28.00810965603135,0,0,None,1.0,159,110
2024-01-21,6,1,1,21,0.0,72.00079728397596,27.89973152223231,0,0,None,1.0,153,110
2024-01-22,0,1,0,22,0.0,67.06165345023574,30.36837853704944,0,0,None,0.0,141,110
2024-01-23,1,1,0,23,0.0,60.63283743759768,29.519723075468324,0,0,None,0.0,142,110
2024-01-24,2,1,0,24,0.0,67.51067694282081,28.08295160974701,0,0,None,0.0,127,110
2024-01-25,3,1,0,25,0.0,67.20588317566305,31.93649839512564,0,0,None,0.0,138,110
2024-01-26,4,1,0,26,0.0,75.94497558830416,31.439210575922395,0,0,None,0.0,124,110
2024-01-27,5,1,1,27,0.0,74.42439016758601,32.07489808103237,0,0,None,0.0,117,110
2024-01-28,6,1,1,28,0.0,71.79455529467496,30.96281382530086,0,0,None,1.0,122,110
2024-01-29,0,1,0,29,0.0,67.84236874925526,30.963258480989126,0,0,None,0.0,119,110
2024-01-30,1,1,0,30,0.0,68.21046745278073,30.413044396035126,0,0,None,0.0,116,110
2024-01-31,2,1,0,31,0.0,67.9875136267074,28.990922422462322,0,0,None,0.0,144,110
2024-02-01,3,2,0,32,0.0,68.99067867692193,27.61977701002959,0,0,None,0.0,144,110
2024-02-02,4,2,0,33,0.0,69.49484870349072,31.3688281954235,0,0,None,0.0,131,110
2024-02-03,5,2,1,34,0.0,73.88902028999641,26.417793498547564,0,0,None,0.0,125,110
2024-02-04,6,2,1,35,0.0,65.42213523781169,31.438593816486705,0,0,None,0.0,108,110
2024-02-05,0,2,0,36,0.0,73.62534113124993,29.344142476580707,0,0,None,0.0,116,110
2024-02-06,1,2,0,37,0.0,71.10791398922463,29.997563128786183,0,0,None,0.0,113,110
2024-02-07,2,2,0,38,0.0,68.2681707940282,31.368533660345214,0,0,None,0.0,108,110
2024-02-08,3,2,0,39,0.0,68.49919598094775,34.11534464297749,0,1,Local Festival,1.0,179,110
2024-02-09,4,2,0,40,0.0,69.70533442976438,32.7531430984623,0,0,None,0.0,180,110
2024-02-10,5,2,1,41,0.0,69.92889683681479,31.916990457554526,0,0,None,0.0,141,110
2024-02-11,6,2,1,42,0.0,72.17943047750889,29.593665722115666,0,0,None,0.0,126,110
2024-02-12,0,2,0,43,0.0,65.57774448341739,31.81716057367899,0,0,None,1.0,167,110
2024-02-13,1,2,0,44,0.0,67.79485716371852,31.928407451573555,0,0,None,0.0,137,110
2024-02-14,2,2,0,45,0.0,70.261971528243,33.650063959043315,0,0,None,0.0,126,110
2024-02-15,3,2,0,46,0.0,67.83161112919537,33.00441386384141,0,0,None,0.0,131,110
2024-02-16,4,2,0,47,0.0,73.80092286408913,32.473145649491634,0,0,None,0.0,120,110
2024-02-17,5,2,1,48,0.0,68.27236705601786,33.74064533478736,0,0,None,0.0,110,110
2024-02-18,6,2,1,49,0.0,69.25697320515008,30.19184893878915,0,0,None,0.0,86,110
2024-02-19,0,2,0,50,9.810729773579697,67.36664661063799,28.34484499165276,0,0,None,1.0,142,110
2024-02-20,1,2,0,51,0.0,63.51636757484606,28.616988964014116,0,0,None,1.0,155,110
2024-02-21,2,2,0,52,0.0,61.23754689673842,31.000018310848834,0,0,None,0.0,162,110
2024-02-22,3,2,0,53,0.0,75.45758518002954,33.469453917797836,0,0,None,0.0,135,110
2024-02-23,4,2,0,54,0.0,58.84603839572621,30.982316945346703,1,0,None,1.0,170,110
2024-02-24,5,2,1,55,0.0,54.27217910477737,35.49410915392292,0,0,None,1.0,169,110
2024-02-25,6,2,1,56,0.0,60.07071469569573,29.808188988118555,0,0,None,0.0,141,110
2024-02-26,0,2,0,57,0.0,72.12699509918735,35.81548174133795,0,0,None,0.0,138,110
2024-02-27,1,2,0,58,0.0,72.82526439742125,33.066295029414036,0,0,None,1.0,167,110
2024-02-28,2,2,0,59,0.0,73.35969582841808,32.6708725935917,0,0,None,0.0,142,110
2024-02-29,3,2,0,60,0.0,68.72745572676125,33.12342970603974,0,0,None,1.0,176,110
2024-03-01,4,3,0,61,0.0,60.28070707437532,32.18977233345586,0,0,None,0.0,162,110
2024-03-02,5,3,1,62,0.0,71.91064507454662,31.453288607032565,0,0,None,1.0,149,110
2024-03-03,6,3,1,63,0.0,73.97371204492089,30.064586644282056,0,0,None,0.0,117,110
2024-03-04,0,3,0,64,0.0,66.77812458287562,30.079689158905104,0,0,None,0.0,134,110
2024-03-05,1,3,0,65,0.0,71.10588541169788,31.045637665965764,0,0,None,0.0,120,110
2024-03-06,2,3,0,66,0.0,78.45430958649195,32.868493140200606,0,0,None,0.0,142,110
2024-03-07,3,3,0,67,0.0,62.725893249640045,33.23135204786727,1,0,None,0.0,137,110
2024-03-08,4,3,0,68,0.0,74.53225216522986,32.49214018836815,0,0,None,0.0,152,110
2024-03-09,5,3,1,69,0.0,70.53257294628551,31.993600106208106,0,0,None,1.0,177,110
2024-03-10,6,3,1,70,0.0,75.13728156761006,33.24514347293492,0,0,None,0.0,138,110
2024-03-11,0,3,0,71,0.0,66.51749787448823,31.704928913383057,0,0,None,0.0,155,110
2024-03-12,1,3,0,72,0.0,74.05059821621622,32.27662590809367,0,0,None,0.0,142,110
2024-03-13,2,3,0,73,0.0,63.590803466286815,31.715924784781908,0,0,None,0.0,131,110
2024-03-14,3,3,0,74,0.0,71.73266878398579,31.94050190572524,0,0,None,0.0,134,110
2024-03-15,4,3,0,75,0.0,65.97908063557782,33.2241401626972,0,0,None,0.0,151,110
2024-03-16,5,3,1,76,0.0,79.30929427279094,30.971968272143602,0,0,None,0.0,120,110
2024-03-17,6,3,1,77,0.0,74.03074325921868,33.471018255434785,0,0,None,0.0,102,110
2024-03-18,0,3,0,78,0.0,75.92907083997446,35.30559711931067,0,0,None,0.0,109,110
2024-03-19,1,3,0,79,0.0,67.39835524295572,30.83453723815967,0,0,None,0.0,121,110
2024-03-20,2,3,0,80,0.0,70.05158851886537,32.90340665522777,0,0,None,0.0,116,110
2024-03-21,3,3,0,81,0.0,64.99194486392442,35.38104429192656,0,0,None,0.0,141,110
2024-03-22,4,3,0,82,0.0,72.88030874009539,34.59282091669496,0,0,None,0.0,140,110
2024-03-23,5,3,1,83,0.0,72.42097714394545,35.392257410129574,0,0,None,0.0,138,110
2024-03-24,6,3,1,84,0.0,63.98029901460567,31.894163109948853,0,0,None,0.0,111,110
2024-03-25,0,3,0,85,0.0,67.96647714421727,31.816129687881798,0,0,None,0.0,130,110
2024-03-26,1,3,0,86,0.0,65.4842039263115,34.03165457799473,0,0,None,0.0,143,110
2024-03-27,2,3,0,87,0.0,69.75124194633459,34.23691830795416,0,0,None,0.0,143,110
2024-03-28,3,3,0,88,0.0,63.087232104960336,31.141974953857662,0,0,None,0.0,143,110
2024-03-29,4,3,0,89,0.0,75.98030835518058,33.624778570247486,0,0,None,0.0,164,110
2024-03-30,5,3,1,90,0.0,70.67823026500356,31.97751158684083,0,0,None,0.0,125,110
2024-03-31,6,3,1,91,0.0,71.82942601523256,31.618943309061905,0,0,None,0.0,105,110
2024-04-01,0,4,0,92,0.0,64.79108986413303,33.12149855742423,0,0,None,0.0,141,110
2024-04-02,1,4,0,93,0.0,64.28056825987777,34.851871166252444,0,0,None,0.0,154,110
2024-04-03,2,4,0,94,0.0,65.18656814539156,30.88368253860279,0,0,None,0.0,155,110
2024-04-04,3,4,0,95,0.0,74.10280212897423,33.20216117478682,0,0,None,0.0,143,110
2024-04-05,4,4,0,96,0.0,66.0746642226492,33.321308639304455,0,0,None,0.0,159,110
2024-04-06,5,4,1,97,0.0,68.88263736844125,32.74682180093267,0,0,None,0.0,138,110
2024-04-07,6,4,1,98,0.0,63.423555782510235,31.631665093657215,0,0,None,0.0,134,110
2024-04-08,0,4,0,99,0.0,58.50368429098556,33.71755731033609,0,0,None,0.0,144,110
2024-04-09,1,4,0,100,0.0,77.47945267423107,31.24620842018306,0,1,Local Festival,0.0,202,110
2024-04-10,2,4,0,101,0.0,70.46553597714674,34.18747691149662,0,0,None,0.0,188,110
2024-04-11,3,4,0,102,0.0,67.16889778569373,33.6105911842851,0,0,None,0.0,174,110
2024-04-12,4,4,0,103,0.0,68.84292634987658,32.74973397844074,0,0,None,0.0,161,110
2024-04-13,5,4,1,104,0.0,71.61079030125609,33.77944392308408,0,0,None,0.0,131,110
2024-04-14,6,4,1,105,0.0,68.44735927677416,31.72697324390604,0,0,None,0.0,109,110
2024-04-15,0,4,0,106,0.0,63.506592273573354,34.80929168850339,0,0,None,1.0,141,110
2024-04-16,1,4,0,107,0.0,73.13079628387256,33.529400092140676,0,0,None,0.0,126,110
2024-04-17,2,4,0,108,0.0,81.95054743606293,32.343378658347746,0,0,None,0.0,140,110
2024-04-18,3,4,0,109,0.0,71.44187258642948,30.80065063462699,0,0,None,0.0,147,110
2024-04-19,4,4,0,110,0.0,67.42981000082139,31.253338001006714,0,0,None,0.0,137,110
2024-04-20,5,4,1,111,0.0,68.76921162464981,33.5083448484872,0,0,None,0.0,127,110
2024-04-21,6,4,1,112,0.0,59.74179778745888,31.7146124496885,0,0,None,0.0,106,110
2024-04-22,0,4,0,113,0.0,62.25168258839801,32.437488321607475,0,0,None,0.0,125,110
2024-04-23,1,4,0,114,0.0,70.15090007609524,30.697705679283185,0,0,None,0.0,155,110
2024-04-24,2,4,0,115,0.0,67.962965660568,34.8240073355719,0,0,None,0.0,145,110
2024-04-25,3,4,0,116,0.0,65.7743479949819,31.936626416022307,0,0,None,0.0,145,110
2024-04-26,4,4,0,117,0.0,65.08785628129169,32.06307448189123,0,0,None,0.0,152,110
2024-04-27,5,4,1,118,0.0,68.09600482523635,31.386098931612942,0,0,None,0.0,122,110
2024-04-28,6,4,1,119,0.0,70.80389181377902,34.226256025326975,0,0,None,0.0,113,110
2024-04-29,0,4,0,120,0.0,71.65841328823285,35.83308412306419,0,0,None,0.0,137,110
2024-04-30,1,4,0,121,0.0,62.49728916556946,32.021383490707585,0,0,None,0.0,147,110
2024-05-01,2,5,0,122,0.0,73.53850437541891,31.840735596357714,0,0,None,0.0,137,110
2024-05-02,3,5,0,123,0.0,66.8251488714502,28.38504741053177,0,0,None,0.0,146,110
2024-05-03,4,5,0,124,7.5213176005456575,69.39446633330046,32.061819534814575,0,0,None,0.0,146,110
2024-05-04,5,5,1,125,0.0,63.908362101449136,32.13321890135975,0,0,None,0.0,128,110
2024-05-05,6,5,1,126,0.0,73.76452992861228,31.893976634079092,0,0,None,0.0,119,110
2024-05-06,0,5,0,127,0.0,63.78760621117128,32.02255748824475,0,0,None,0.0,130,110
2024-05-07,1,5,0,128,0.0,66.89279094261715,34.59996245181824,0,0,None,0.0,135,110
2024-05-08,2,5,0,129,0.0,64.00445628814283,28.566354056025077,0,1,Local Festival,0.0,178,110
2024-05-09,3,5,0,130,0.0,64.45552756432897,33.48810630648769,0,0,None,0.0,157,110
2024-05-10,4,5,0,131,0.0,59.89542308063073,31.26433558226533,0,0,None,0.0,153,110
2024-05-11,5,5,1,132,0.0,77.76562568245366,30.910870679447708,0,0,None,0.0,133,110
2024-05-12,6,5,1,133,0.0,71.93584347095407,32.962583017916266,0,0,None,0.0,118,110
2024-05-13,0,5,0,134,0.0,69.54718943951966,30.575983248723706,0,0,None,0.0,113,110
2024-05-14,1,5,0,135,0.0,69.352671374894,34.230980678959895,0,0,None,0.0,136,110
2024-05-15,2,5,0,136,0.0,67.04392651841826,31.86540502717717,0,0,None,0.0,156,110
2024-05-16,3,5,0,137,0.0,64.39632163762542,33.476135037806465,0,0,None,0.0,144,110
2024-05-17,4,5,0,138,0.0,73.8813338672472,30.481064715977794,0,0,None,0.0,131,110
2024-05-18,5,5,1,139,0.0,67.51921848544625,30.749786815910262,0,0,None,0.0,113,110
2024-05-19,6,5,1,140,0.0,74.43236447040424,32.41874928706527,0,0,None,0.0,92,110
2024-05-20,0,5,0,141,0.0,72.92212839799895,33.24252011552259,0,0,None,0.0,108,110
2024-05-21,1,5,0,142,0.0,67.97102648538912,30.83402404150025,0,0,None,0.0,134,110
2024-05-22,2,5,0,143,0.0,71.80264248285107,32.98075470381867,0,0,None,0.0,125,110
2024-05-23,3,5,0,144,0.0,66.14293734466949,32.46818319193849,0,0,None,0.0,132,110
2024-05-24,4,5,0,145,0.0,75.50668091933947,33.70702767865311,0,0,None,0.0,140,110
2024-05-25,5,5,1,146,0.0,72.79281657911606,32.54768726742707,0,0,None,0.0,102,110
2024-05-26,6,5,1,147,0.0,72.34266751969821,30.553306101680054,0,0,None,0.0,71,110
2024-05-27,0,5,0,148,0.0,64.24448753383447,27.84841142798688,0,0,None,0.0,84,110
2024-05-28,1,5,0,149,0.0,70.7461103711032,30.94775118054342,0,0,None,1.0,132,110
2024-05-29,2,5,0,150,0.0,68.04295395629178,30.238430290976286,0,0,None,0.0,140,110
2024-05-30,3,5,0,151,0.0,61.90582489123922,31.94981228549071,0,0,None,0.0,134,110
2024-05-31,4,5,0,152,0.0,66.5455564093158,30.93007899296133,0,0,None,0.0,145,110
2024-06-01,5,6,1,153,0.0,99.37776847049236,30.221299257630093,0,0,None,0.0,118,110
2024-06-02,6,6,1,154,0.0,100.0,32.11600832459731,0,0,None,0.0,124,110
2024-06-03,0,6,0,155,0.0,100.0,30.325000953783807,0,0,None,0.0,122,110
2024-06-04,1,6,0,156,0.0,100.0,29.225558581064732,0,0,None,0.0,130,110
2024-06-05,2,6,0,157,0.0,100.0,27.88709748014071,0,0,None,0.0,147,110
2024-06-06,3,6,0,158,0.0,100.0,32.600102211030965,0,0,None,0.0,145,110
2024-06-07,4,6,0,159,0.0,90.50411806042266,30.085595481810298,0,0,None,0.0,141,110
2024-06-08,5,6,1,160,0.0,100.0,30.46027740334399,0,0,None,0.0,109,110
2024-06-09,6,6,1,161,0.0,96.88810902504599,30.52570364859002,0,0,None,0.0,90,110
2024-06-10,0,6,0,162,0.0,98.33250551857907,28.452280882039716,0,0,None,0.0,123,110
2024-06-11,1,6,0,163,0.0,100.0,27.546280470710236,0,0,None,0.0,123,110
2024-06-12,2,6,0,164,0.0,94.02058468982408,30.232439207009346,0,0,None,0.0,117,110
2024-06-13,3,6,0,165,0.0,100.0,31.665780063855067,0,0,None,0.0,135,110
2024-06-14,4,6,0,166,35.781326670690596,100.0,24.163558437084504,0,0,None,0.0,141,110
2024-06-15,5,6,1,167,5.470697795232859,98.64942156457145,25.630076742621082,0,0,None,0.0,84,110
2024-06-16,6,6,1,168,0.0,100.0,30.633997150214313,0,0,None,0.0,77,110
2024-06-17,0,6,0,169,0.0,100.0,28.02517002648289,0,0,None,0.0,102,110
2024-06-18,1,6,0,170,24.162597972314632,100.0,25.7918480724811,0,0,None,0.0,134,110
2024-06-19,2,6,0,171,13.308344840667552,100.0,27.20850412390628,0,0,None,0.0,141,110
2024-06-20,3,6,0,172,13.011929506322165,100.0,30.42756194712971,0,0,None,0.0,139,110
2024-06-21,4,6,0,173,0.0,100.0,29.702825488494362,0,0,None,1.0,154,110
2024-06-22,5,6,1,174,0.0,99.96478600537633,30.697608917213323,0,0,None,0.0,111,110
2024-06-23,6,6,1,175,1.5083756518764402,100.0,27.519004954961378,0,0,None,0.0,110,110
2024-06-24,0,6,0,176,0.0,100.0,30.77459015719137,0,0,None,0.0,112,110
2024-06-25,1,6,0,177,0.0,97.84102105679897,27.143620067588486,0,0,None,0.0,120,110
2024-06-26,2,6,0,178,0.0,99.1548007821463,28.204311133592388,0,0,None,0.0,113,110
2024-06-27,3,6,0,179,0.0,100.0,29.166203486118572,0,0,None,0.0,123,110
2024-06-28,4,6,0,180,0.0,100.0,29.088257720225574,0,0,None,0.0,114,110
2024-06-29,5,6,1,181,0.0,100.0,27.672756379377944,0,0,None,1.0,116,110
2024-06-30,6,6,1,182,0.0,100.0,30.35790027685173,0,0,None,0.0,101,110
2024-07-01,0,7,0,183,0.0,92.94587750956063,26.195259225406485,0,1,Local Festival,0.0,147,110
2024-07-02,1,7,0,184,0.6122297817632579,96.25640607156406,28.96684330856175,0,0,None,0.0,114,110
2024-07-03,2,7,0,185,0.0,100.0,27.563484955529344,0,0,None,1.0,147,110
2024-07-04,3,7,0,186,0.0,100.0,27.406515800527597,0,0,None,0.0,136,110
2024-07-05,4,7,0,187,0.0,100.0,26.814016344339816,0,0,None,0.0,137,110
2024-07-06,5,7,1,188,0.0,94.44293493932783,27.449850018166376,0,0,None,0.0,105,110
2024-07-07,6,7,1,189,32.543252536285976,100.0,23.94602234868914,0,0,None,0.0,106,110
2024-07-08,0,7,0,190,0.0,96.9889396981911,28.059420496849633,0,0,None,0.0,93,110
2024-07-09,1,7,0,191,0.0,100.0,26.41084728308727,0,0,None,1.0,122,110
2024-07-10,2,7,0,192,0.0,99.49922961760024,26.88045431004197,0,0,None,0.0,118,110
2024-07-11,3,7,0,193,0.0,100.0,26.769497428439436,0,0,None,0.0,105,110
2024-07-12,4,7,0,194,0.0,100.0,25.811867125011602,0,0,None,0.0,97,110
2024-07-13,5,7,1,195,0.0,97.3696098389402,26.91136611541464,0,0,None,0.0,74,110
2024-07-14,6,7,1,196,59.2281279536371,100.0,19.229119266245313,0,0,None,0.0,93,110
2024-07-15,0,7,0,197,0.0,100.0,26.342897761918003,0,0,None,0.0,86,110
2024-07-16,1,7,0,198,27.250459520817238,100.0,24.73053541083439,0,0,None,0.0,118,110
2024-07-17,2,7,0,199,0.0,99.45225354265398,25.692828211616227,0,0,None,0.0,120,110
2024-07-18,3,7,0,200,0.0,100.0,24.635001768878674,0,0,None,0.0,113,110
2024-07-19,4,7,0,201,0.0,93.33421344673172,30.056651293308814,0,0,None,0.0,112,110
2024-07-20,5,7,1,202,0.0,90.59118360981878,28.100066620563105,0,0,None,0.0,101,110
2024-07-21,6,7,1,203,0.0,95.98445113755199,25.459185955143372,0,0,None,0.0,88,110
2024-07-22,0,7,0,204,0.0,100.0,27.914387370494236,0,0,None,0.0,96,110
2024-07-23,1,7,0,205,0.0,98.52229379926726,26.339933444345114,0,0,None,0.0,104,110
2024-07-24,2,7,0,206,0.0,95.56650765660986,26.16126444128723,0,0,None,0.0,123,110
2024-07-25,3,7,0,207,0.0,92.78159900319346,25.866244284773543,0,0,None,0.0,107,110
2024-07-26,4,7,0,208,0.0,100.0,27.230900561781525,0,0,None,0.0,94,110
2024-07-27,5,7,1,209,0.0,100.0,24.245846836362126,0,0,None,0.0,77,110
2024-07-28,6,7,1,210,0.0,100.0,24.628462120614003,0,0,None,0.0,75,110
2024-07-29,0,7,0,211,0.0,96.76379681005977,25.555879746776593,0,0,None,0.0,91,110
2024-07-30,1,7,0,212,0.0,96.12293846638927,24.36984845448117,0,0,None,0.0,103,110
2024-07-31,2,7,0,213,0.0,100.0,24.341243511800016,0,0,None,0.0,112,110
2024-08-01,3,8,0,214,0.0,100.0,25.041157791731305,0,0,None,0.0,108,110
2024-08-02,4,8,0,215,0.0,98.19763297897703,26.113473010585267,0,0,None,0.0,100,110
2024-08-03,5,8,1,216,0.0,100.0,25.15704201177754,0,0,None,0.0,78,110
2024-08-04,6,8,1,217,0.0,95.13276629300262,25.193957623406817,0,0,None,0.0,69,110
2024-08-05,0,8,0,218,0.0,96.89476527757282,26.85380722427351,0,0,None,0.0,59,110
2024-08-06,1,8,0,219,0.0,90.22511081354023,25.362051444471163,0,0,None,0.0,98,110
2024-08-07,2,8,0,220,0.0,100.0,26.61195178244736,0,0,None,0.0,122,110
2024-08-08,3,8,0,221,0.0,100.0,24.6358448128734,0,0,None,0.0,101,110
2024-08-09,4,8,0,222,0.0,100.0,23.58665094453452,0,0,None,0.0,113,110
2024-08-10,5,8,1,223,0.0,100.0,24.148092903247054,0,0,None,0.0,78,110
2024-08-11,6,8,1,224,0.0,98.3261233394673,24.11874551909158,0,0,None,0.0,71,110
2024-08-12,0,8,0,225,0.0,100.0,25.801037793667696,0,0,None,0.0,89,110
2024-08-13,1,8,0,226,0.0,100.0,22.99483358123351,0,0,None,0.0,87,110
2024-08-14,2,8,0,227,53.51513600855683,100.0,21.30041109783258,0,0,None,0.0,107,110
2024-08-15,3,8,0,228,0.0,100.0,24.404541715220812,0,0,None,0.0,115,110
2024-08-16,4,8,0,229,0.0,94.6880323592656,25.054076077431663,0,0,None,0.0,107,110
2024-08-17,5,8,1,230,0.0,92.99255005995295,23.969334316414184,0,0,None,0.0,70,110
2024-08-18,6,8,1,231,20.51063604284689,100.0,22.578759258606937,0,0,None,0.0,72,110
2024-08-19,0,8,0,232,0.0,100.0,23.706916423123925,0,0,None,1.0,99,110
2024-08-20,1,8,0,233,0.0,100.0,24.63684631537742,0,0,None,0.0,101,110
2024-08-21,2,8,0,234,0.0,94.96728717360179,25.835397634858364,0,0,None,0.0,92,110
2024-08-22,3,8,0,235,0.0,98.1664623440028,26.030705600597212,0,0,None,0.0,86,110
2024-08-23,4,8,0,236,0.0,100.0,23.9847835876386,0,0,None,0.0,103,110
2024-08-24,5,8,1,237,0.0,100.0,22.707778923629174,0,0,None,0.0,79,110
2024-08-25,6,8,1,238,0.0,98.80533950415153,23.36707312504839,0,0,None,0.0,57,110
2024-08-26,0,8,0,239,0.0,96.44749904151566,20.82371820477108,0,0,None,0.0,76,110
2024-08-27,1,8,0,240,0.0,100.0,26.102346680790497,0,0,None,0.0,69,110
2024-08-28,2,8,0,241,0.0,99.48488399301392,25.611453235486497,0,0,None,0.0,91,110
2024-08-29,3,8,0,242,0.0,95.37846749495215,24.21492807383327,0,0,None,1.0,116,110
2024-08-30,4,8,0,243,0.0,100.0,22.002218402638267,0,0,None,0.0,108,110
2024-08-31,5,8,1,244,4.8057047614780375,100.0,23.94729494677034,0,0,None,0.0,97,110
2024-09-01,6,9,1,245,0.0,100.0,21.580969459762198,0,0,None,0.0,76,110
2024-09-02,0,9,0,246,0.0,90.3194234316069,23.748483841281573,0,0,None,0.0,79,110
2024-09-03,1,9,0,247,0.0,100.0,23.790176219234855,0,0,None,0.0,85,110
2024-09-04,2,9,0,248,0.0,100.0,24.484412160835547,0,0,None,0.0,99,110
2024-09-05,3,9,0,249,0.0,100.0,23.085090367601104,0,0,None,0.0,95,110
2024-09-06,4,9,0,250,0.0,95.16843807117434,23.63728604426011,0,0,None,0.0,113,110
2024-09-07,5,9,1,251,0.0,100.0,23.197974643104136,0,0,None,0.0,78,110
2024-09-08,6,9,1,252,0.0,100.0,23.251211248893885,0,0,None,0.0,63,110
2024-09-09,0,9,0,253,0.0,97.32335907023038,23.179793345066603,0,0,None,0.0,72,110
2024-09-10,1,9,0,254,0.0,98.35536729506956,23.918720985444565,0,0,None,0.0,69,110
2024-09-11,2,9,0,255,0.0,100.0,22.868872083563264,0,0,None,0.0,76,110
2024-09-12,3,9,0,256,0.0,100.0,22.44146186786529,0,0,None,0.0,89,110
2024-09-13,4,9,0,257,0.0,100.0,25.963686430256203,0,0,None,0.0,77,110
2024-09-14,5,9,1,258,6.923295872207534,100.0,22.035547995707088,0,0,None,0.0,66,110
2024-09-15,6,9,1,259,0.0,91.9681149719541,24.329162136350092,0,0,None,0.0,48,110
2024-09-16,0,9,0,260,0.0,100.0,25.70532907572758,0,0,None,0.0,73,110
2024-09-17,1,9,0,261,0.0,100.0,22.145950278957567,0,0,None,0.0,71,110
2024-09-18,2,9,0,262,21.855148480489177,100.0,20.970511780928074,0,0,None,0.0,87,110
2024-09-19,3,9,0,263,0.0,95.36323432904713,23.44292071420227,0,0,None,0.0,92,110
2024-09-20,4,9,0,264,60.09519326960847,100.0,17.812381178129765,0,0,None,1.0,140,110
2024-09-21,5,9,1,265,0.0,100.0,27.087913597383736,0,0,None,0.0,89,110
2024-09-22,6,9,1,266,0.0,96.72962158436287,20.298480334748042,0,0,None,1.0,97,110
2024-09-23,0,9,0,267,0.0,100.0,23.378730039307182,0,0,None,0.0,90,110
2024-09-24,1,9,0,268,0.0,100.0,24.996845124872586,0,0,None,0.0,106,110
2024-09-25,2,9,0,269,0.0,94.92790561416,24.19101085660117,0,0,None,0.0,97,110
2024-09-26,3,9,0,270,0.0,97.75526868218226,21.74554430269875,0,0,None,0.0,106,110
2024-09-27,4,9,0,271,0.0,100.0,23.22061017348418,0,0,None,0.0,113,110
2024-09-28,5,9,1,272,0.0,100.0,25.54484515720934,0,0,None,0.0,87,110
2024-09-29,6,9,1,273,0.0,99.47234973998846,22.723881730650668,0,0,None,0.0,47,110
2024-09-30,0,9,0,274,0.0,96.83562449347127,22.94449110574643,0,0,None,0.0,52,110
2024-10-01,1,10,0,275,0.0,73.26615176365446,19.89937540044656,1,0,None,0.0,75,110
2024-10-02,2,10,0,276,0.0,62.12962848257589,24.143833889335987,0,0,None,1.0,86,110
2024-10-03,3,10,0,277,0.0,66.40125050744895,23.018125276630734,0,0,None,0.0,91,110
2024-10-04,4,10,0,278,6.181705921685765,76.79350097769803,21.528909402029317,0,0,None,0.0,106,110
2024-10-05,5,10,1,279,0.0,60.98283784731089,23.19294413798523,1,0,None,0.0,97,110
2024-10-06,6,10,1,280,0.0,63.300809309820686,22.737413147399746,0,0,None,0.0,84,110
2024-10-07,0,10,0,281,0.0,66.06489218363104,21.844850167705104,0,0,None,0.0,76,110
2024-10-08,1,10,0,282,0.0,68.12018840789588,24.664556993523252,0,1,Local Festival,1.0,138,110
2024-10-09,2,10,0,283,0.0,65.08200384702687,20.79268119911083,0,0,None,0.0,105,110
2024-10-10,3,10,0,284,0.0,72.17314710472165,22.805413421870746,0,0,None,0.0,102,110
2024-10-11,4,10,0,285,0.0,61.52867591078367,24.436025119756128,0,0,None,0.0,89,110
2024-10-12,5,10,1,286,0.0,68.03007350544452,22.18859899473634,0,0,None,0.0,78,110
2024-10-13,6,10,1,287,0.0,67.26336146155975,21.792709386014966,0,1,Local Festival,0.0,108,110
2024-10-14,0,10,0,288,0.0,64.01193281367506,22.689358667711407,0,0,None,0.0,111,110
2024-10-15,1,10,0,289,0.0,67.14610172727349,23.286578136163875,0,0,None,0.0,95,110
2024-10-16,2,10,0,290,0.0,70.98884080060107,22.941888729695393,0,0,None,0.0,96,110
2024-10-17,3,10,0,291,0.0,63.74577277290599,25.335224436659878,0,0,None,0.0,76,110
2024-10-18,4,10,0,292,0.0,68.78277479080617,24.383125318707155,0,0,None,0.0,85,110
2024-10-19,5,10,1,293,0.0,65.69436808495904,23.81427335067344,0,0,None,0.0,83,110
2024-10-20,6,10,1,294,0.0,68.43062863841921,22.183543400200733,0,0,None,0.0,70,110
2024-10-21,0,10,0,295,0.0,68.51997577446154,23.018638569976563,0,0,None,0.0,76,110
2024-10-22,1,10,0,296,0.0,82.09454452308427,22.63381481796801,0,0,None,0.0,76,110
2024-10-23,2,10,0,297,0.0,72.21819086460386,21.85363085002789,0,0,None,0.0,70,110
2024-10-24,3,10,0,298,0.0,73.72093821633399,25.360346644301544,0,0,None,0.0,77,110
2024-10-25,4,10,0,299,0.0,66.51305109404778,26.127897274901088,0,0,None,0.0,81,110
2024-10-26,5,10,1,300,0.0,63.58335669169097,21.85996584240939,0,0,None,0.0,64,110
2024-10-27,6,10,1,301,0.0,74.67899783865982,23.16502349580383,0,0,None,0.0,66,110
2024-10-28,0,10,0,302,0.0,60.839259924408346,22.53988220942855,0,0,None,0.0,76,110
2024-10-29,1,10,0,303,0.0,73.68955319927242,21.12680349222527,0,0,None,0.0,87,110
2024-10-30,2,10,0,304,0.0,64.80398041115677,25.8857519667757,0,0,None,0.0,111,110
2024-10-31,3,10,0,305,0.0,62.432272739801675,23.383798663187882,0,0,None,0.0,104,110
2024-11-01,4,11,0,306,0.0,62.664433274901874,23.105679588974603,0,0,None,0.0,95,110
2024-11-02,5,11,1,307,0.0,74.08443038557841,25.890433688012543,0,0,None,0.0,86,110
2024-11-03,6,11,1,308,0.0,69.06385647993147,22.77351608376498,0,0,None,0.0,73,110
2024-11-04,0,11,0,309,0.0,73.63702946147359,26.315991468810275,0,0,None,0.0,77,110
2024-11-05,1,11,0,310,0.0,79.1843451400464,23.249160676986097,0,0,None,0.0,88,110
2024-11-06,2,11,0,311,0.0,68.46767229265471,23.971516152809194,0,0,None,1.0,119,110
2024-11-07,3,11,0,312,0.0,68.18289225835595,24.65915929761198,0,1,Local Festival,0.0,159,110
2024-11-08,4,11,0,313,0.0,68.19476365564452,23.543504199822927,0,0,None,0.0,148,110
2024-11-09,5,11,1,314,0.0,59.62004562223802,23.620444939410376,0,0,None,0.0,108,110
2024-11-10,6,11,1,315,0.0,70.40878114700129,23.70774172297317,0,0,None,1.0,112,110
2024-11-11,0,11,0,316,0.0,61.38342363303366,22.035724016591782,0,0,None,0.0,107,110
2024-11-12,1,11,0,317,0.0,61.30705969461145,24.53732952732563,0,0,None,1.0,130,110
2024-11-13,2,11,0,318,0.0,75.1254851435082,24.757458420112105,0,0,None,0.0,115,110
2024-11-14,3,11,0,319,0.0,61.01980835793794,23.627706188990093,0,0,None,0.0,94,110
2024-11-15,4,11,0,320,0.0,60.896687503312044,23.205149525218275,0,0,None,0.0,86,110
2024-11-16,5,11,1,321,0.0,57.28283844878347,25.68660154805796,0,0,None,1.0,97,110
2024-11-17,6,11,1,322,0.0,65.59725275744023,22.965535109049068,0,0,None,0.0,75,110
2024-11-18,0,11,0,323,0.0,55.4680129377564,24.26282057596844,0,0,None,0.0,98,110
2024-11-19,1,11,0,324,0.0,67.55291139755137,26.10604965154746,0,0,None,0.0,84,110
2024-11-20,2,11,0,325,0.0,62.36283430724819,25.567887330403895,0,0,None,0.0,98,110
2024-11-21,3,11,0,326,0.0,67.32184551384537,24.03820758146763,0,0,None,0.0,105,110
2024-11-22,4,11,0,327,0.0,69.73306741024194,25.659155407072518,0,0,None,0.0,96,110
2024-11-23,5,11,1,328,0.0,67.13779813786432,25.446548648650353,0,0,None,0.0,82,110
2024-11-24,6,11,1,329,0.0,71.53541907685312,24.541583128665543,0,0,None,0.0,78,110
2024-11-25,0,11,0,330,0.0,68.68399483441996,23.407603805265293,0,0,None,1.0,121,110
2024-11-26,1,11,0,331,0.0,74.36705022074483,25.16073284877917,0,0,None,0.0,100,110
2024-11-27,2,11,0,332,0.0,62.63312818394552,24.045860257286094,0,0,None,0.0,99,110
2024-11-28,3,11,0,333,0.0,64.54831916657164,27.444579102928472,0,0,None,1.0,127,110
2024-11-29,4,11,0,334,0.0,81.48939669487874,25.052067483403476,0,0,None,0.0,122,110
2024-11-30,5,11,1,335,0.0,71.02340933589431,25.9594533614866,0,0,None,0.0,105,110
2024-12-01,6,12,1,336,0.0,71.2781745108333,27.844210268938966,0,0,None,0.0,79,110
2024-12-02,0,12,0,337,0.0,68.26894280063003,25.455338720005475,0,0,None,1.0,120,110
2024-12-03,1,12,0,338,0.0,74.48281865616794,25.45217082177011,0,0,None,0.0,100,110
2024-12-04,2,12,0,339,0.0,72.8643473426379,21.42553908525142,0,1,Local Festival,0.0,114,110
2024-12-05,3,12,0,340,0.0,79.3581876712358,25.551910371308107,0,0,None,0.0,120,110
2024-12-06,4,12,0,341,0.0,67.0072491951291,26.603138484656935,0,0,None,0.0,87,110
2024-12-07,5,12,1,342,0.0,74.12839578176258,25.274347562917377,0,0,None,0.0,68,110
2024-12-08,6,12,1,343,0.0,74.59130438323295,26.921005415692573,0,0,None,1.0,88,110
2024-12-09,0,12,0,344,0.0,72.49347424302753,27.30510675625498,0,0,None,0.0,100,110
2024-12-10,1,12,0,345,0.0,73.50074247474392,27.443822496749792,0,0,None,1.0,120,110
2024-12-11,2,12,0,346,0.0,72.62266457554534,27.06813555147695,0,0,None,0.0,112,110
2024-12-12,3,12,0,347,0.0,69.39192661886376,25.152581899876974,0,0,None,1.0,137,110
2024-12-13,4,12,0,348,0.0,60.67705212764618,24.10875023110881,0,0,None,0.0,127,110
2024-12-14,5,12,1,349,0.0,63.17331082052944,26.178266917870914,0,0,None,1.0,116,110
2024-12-15,6,12,1,350,0.0,67.78561610015666,27.636144687954168,0,0,None,0.0,94,110
2024-12-16,0,12,0,351,0.0,68.56315059684245,25.581003223367965,0,0,None,0.0,116,110
2024-12-17,1,12,0,352,0.0,67.81657774624155,27.01416148396395,0,0,None,1.0,140,110
2024-12-18,2,12,0,353,0.0,60.52551622740344,25.830390332807582,0,0,None,0.0,133,110
2024-12-19,3,12,0,354,0.0,71.46969917933463,26.114008568706165,0,0,None,0.0,140,110
2024-12-20,4,12,0,355,0.0,73.44131404552566,26.852795070933404,0,0,None,0.0,136,110
2024-12-21,5,12,1,356,0.0,61.9842975969508,27.029680877365752,0,0,None,0.0,116,110
2024-12-22,6,12,1,357,0.0,67.6965226707218,27.729671546370962,0,0,None,1.0,121,110
2024-12-23,0,12,0,358,0.0,64.26593980928727,27.901515463396937,0,0,None,0.0,118,110
2024-12-24,1,12,0,359,0.0,52.75562718275333,27.760265829893363,0,0,None,0.0,107,110
2024-12-25,2,12,0,360,0.0,62.30655603018817,27.853814747071347,0,0,None,1.0,145,110
2024-12-26,3,12,0,361,0.0,71.49692418922419,26.195668566431696,0,0,None,0.0,136,110
2024-12-27,4,12,0,362,0.0,70.48229359222583,29.796464830838403,0,0,None,0.0,119,110
2024-12-28,5,12,1,363,0.0,71.058538554339,27.064446503325023,0,0,None,1.0,113,110
2024-12-29,6,12,1,364,0.0,60.045001888335634,27.871807420831352,0,0,None,0.0,62,110
2024-12-30,0,12,0,365,0.0,64.38855838799415,28.228532308050585,0,0,None,0.0,97,110
2024-12-31,1,12,0,366,0.0,64.74676151649099,28.10913525283733,0,0,None,0.0,93,110
2025-01-01,2,1,0,1,0.0,66.30987872073361,28.31885280656764,0,0,None,0.0,119,110
2025-01-02,3,1,0,2,0.0,63.969726042273294,29.860489714674245,0,0,None,0.0,117,110
2025-01-03,4,1,0,3,0.0,61.06459059108858,27.02921154653402,0,0,None,0.0,101,110
2025-01-04,5,1,1,4,0.0,72.35002579491159,27.348431568542033,0,0,None,0.0,89,110
2025-01-05,6,1,1,5,0.0,73.72449496982217,28.223766311088138,0,0,None,1.0,101,110
2025-01-06,0,1,0,6,0.0,69.41716096005942,31.488046196837217,0,0,None,0.0,103,110
2025-01-07,1,1,0,7,0.0,75.99717287251158,29.990363327859153,0,0,None,0.0,129,110
2025-01-08,2,1,0,8,4.566633059280225,77.30973852709828,30.083926637347627,0,0,None,0.0,135,110
2025-01-09,3,1,0,9,0.0,65.18501261995722,30.359270918616893,0,0,None,0.0,120,110
2025-01-10,4,1,0,10,0.0,71.11585827284715,30.662292376660613,0,0,None,0.0,121,110
2025-01-11,5,1,1,11,0.0,71.26279674214085,28.753669869678824,0,0,None,0.0,91,110
2025-01-12,6,1,1,12,0.0,62.03328526776047,25.58125106963724,0,0,None,0.0,83,110
2025-01-13,0,1,0,13,0.0,60.38383576820389,26.984861112401624,0,0,None,0.0,95,110
2025-01-14,1,1,0,14,0.0,64.81052510852571,31.372065131735866,0,0,None,0.0,110,110
2025-01-15,2,1,0,15,0.0,65.97879422259555,30.000552548823823,0,0,None,0.0,122,110
2025-01-16,3,1,0,16,0.0,73.39131778162044,29.246144357867337,0,0,None,0.0,134,110
2025-01-17,4,1,0,17,0.0,74.53297021320839,31.84579200281341,0,0,None,0.0,138,110
2025-01-18,5,1,1,18,0.0,71.78864167312925,28.171528791745178,0,0,None,0.0,139,110
2025-01-19,6,1,1,19,0.0,74.73360801296813,27.55329149312232,0,0,None,1.0,151,110
2025-01-20,0,1,0,20,0.0,65.44361792935429,30.645202386383144,0,0,None,0.0,142,110
2025-01-21,1,1,0,21,0.0,63.69630940313051,27.649576965750356,0,0,None,0.0,139,110
2025-01-22,2,1,0,22,0.0,67.9438577576047,28.34534153078116,0,0,None,0.0,124,110
2025-01-23,3,1,0,23,0.0,60.96217610035367,28.227593638587713,0,0,None,0.0,127,110
2025-01-24,4,1,0,24,3.3202455826147177,67.762378620387,25.71720263737854,0,0,None,1.0,153,110
2025-01-25,5,1,1,25,0.0,80.61555283214197,31.262874444908622,0,0,None,0.0,127,110
2025-01-26,6,1,1,26,15.594966749165472,79.03292340507137,29.42505996059842,0,0,None,0.0,99,110
2025-01-27,0,1,0,27,0.0,76.07464667723258,29.155952495396622,0,0,None,1.0,144,110
2025-01-28,1,1,0,28,0.0,72.40730802949516,30.34717634105524,0,0,None,1.0,159,110
2025-01-29,2,1,0,29,0.0,68.29298598245083,30.68202134687179,0,1,Local Festival,0.0,179,110
2025-01-30,3,1,0,30,0.0,69.1678786728001,32.79240797804267,0,0,None,1.0,173,110
2025-01-31,4,1,0,31,0.0,73.77692158135002,28.51618607192256,0,0,None,0.0,158,110
2025-02-01,5,2,1,32,0.0,70.62209263812206,30.983007833690504,0,0,None,0.0,122,110
2025-02-02,6,2,1,33,0.0,57.75693723204789,29.28559290908134,0,0,None,0.0,114,110
2025-02-03,0,2,0,34,0.0,66.03511364566434,28.297393349106844,0,0,None,0.0,142,110
2025-02-04,1,2,0,35,0.0,64.73180442838418,30.771754566086763,0,0,None,1.0,170,110
2025-02-05,2,2,0,36,0.0,68.05079332715665,31.25005272584703,0,0,None,0.0,171,110
2025-02-06,3,2,0,37,0.0,67.58152071129146,29.998608431798136,0,0,None,0.0,148,110
2025-02-07,4,2,0,38,0.0,66.64032224063861,30.56581170544128,0,0,None,0.0,159,110
2025-02-08,5,2,1,39,0.0,70.29441056547883,33.22972587564458,0,0,None,0.0,96,110
2025-02-09,6,2,1,40,0.0,71.5499908555797,32.88738506223279,0,0,None,0.0,90,110
2025-02-10,0,2,0,41,0.0,63.459909918121376,32.51599085688853,0,0,None,1.0,124,110
2025-02-11,1,2,0,42,0.0,66.52188268808936,32.007710652880895,0,0,None,0.0,131,110
2025-02-12,2,2,0,43,0.0,69.95470154168098,32.30210759275843,0,0,None,0.0,125,110
2025-02-13,3,2,0,44,0.0,64.81522580018608,34.56957191866049,0,0,None,0.0,148,110
2025-02-14,4,2,0,45,0.0,68.15235473508196,32.37415057718259,0,0,None,1.0,169,110
2025-02-15,5,2,1,46,0.0,78.74850204316459,31.56848287824887,0,0,None,1.0,175,110
2025-02-16,6,2,1,47,0.0,74.95734211883172,30.691765277388193,0,0,None,0.0,147,110
2025-02-17,0,2,0,48,0.0,58.932158867118815,33.977235666764415,1,0,None,0.0,144,110
2025-02-18,1,2,0,49,0.0,65.78268595565945,29.886646943760528,0,0,None,1.0,172,110
2025-02-19,2,2,0,50,0.0,66.01031508963858,32.674358947048894,0,0,None,0.0,165,110
2025-02-20,3,2,0,51,0.0,68.44187024783545,32.34483992930746,0,0,None,0.0,138,110
2025-02-21,4,2,0,52,0.0,78.80992216600134,29.85671824846466,0,0,None,0.0,119,110
2025-02-22,5,2,1,53,0.0,71.57570650743224,32.01679686266266,0,0,None,0.0,97,110
2025-02-23,6,2,1,54,0.0,71.44457733245163,32.035527106997016,0,0,None,0.0,98,110
2025-02-24,0,2,0,55,0.0,68.86446637397856,30.19270940242766,0,0,None,0.0,111,110
2025-02-25,1,2,0,56,0.0,72.37168298553661,30.16747332970533,0,0,None,0.0,107,110
2025-02-26,2,2,0,57,0.0,70.6351163458175,30.351154228804003,0,0,None,0.0,108,110
2025-02-27,3,2,0,58,0.0,67.56173311654773,32.202029136307424,0,0,None,0.0,126,110
2025-02-28,4,2,0,59,11.041404795502668,67.7810103512123,32.05171796762043,0,0,None,0.0,142,110
2025-03-01,5,3,1,60,0.0,70.90406116198463,33.36497504095915,0,0,None,0.0,120,110
2025-03-02,6,3,1,61,0.0,66.99721355219395,32.23808285170925,0,0,None,1.0,133,110
2025-03-03,0,3,0,62,0.0,64.41858918697007,32.887949053685084,0,0,None,1.0,155,110
2025-03-04,1,3,0,63,0.0,71.6046776948937,32.148501289889666,0,0,None,0.0,153,110
2025-03-05,2,3,0,64,0.0,62.60036318716281,30.055016032073816,0,0,None,0.0,134,110
2025-03-06,3,3,0,65,0.0,58.18737288062948,34.0094248830166,0,0,None,0.0,156,110
2025-03-07,4,3,0,66,0.0,68.66986196231798,30.165645802904365,0,0,None,0.0,140,110
2025-03-08,5,3,1,67,0.0,62.678112746059696,33.666786119526456,0,0,None,0.0,112,110
2025-03-09,6,3,1,68,0.0,59.904267565600875,32.65371980469601,0,0,None,0.0,106,110
2025-03-10,0,3,0,69,0.0,64.94567194848628,33.66718610333104,0,0,None,0.0,135,110
2025-03-11,1,3,0,70,0.0,60.28789622954187,35.644265496392194,0,0,None,0.0,146,110
2025-03-12,2,3,0,71,0.0,75.1436421207515,32.8558141959943,0,0,None,0.0,168,110
2025-03-13,3,3,0,72,0.0,73.92509786112112,32.292119282489665,0,0,None,0.0,158,110
2025-03-14,4,3,0,73,0.0,68.83941761833906,34.13775774936246,0,1,Local Festival,0.0,195,110
2025-03-15,5,3,1,74,0.0,66.96342642654479,27.574029295051954,0,0,None,0.0,163,110
2025-03-16,6,3,1,75,0.0,62.130718063243364,33.35109674329895,0,0,None,0.0,137,110
2025-03-17,0,3,0,76,0.0,65.59498591605737,33.49452003360043,0,0,None,0.0,143,110
2025-03-18,1,3,0,77,0.0,55.0979279000758,33.148741829452284,0,0,None,0.0,154,110
2025-03-19,2,3,0,78,0.0,63.62674936993459,34.307093756355115,0,0,None,0.0,175,110
2025-03-20,3,3,0,79,0.0,71.12643040123916,34.678002976245246,0,0,None,0.0,159,110
2025-03-21,4,3,0,80,0.0,69.77263910048427,34.48532576338254,0,0,None,0.0,152,110
2025-03-22,5,3,1,81,0.0,66.4336286650585,32.80008507410799,0,0,None,0.0,128,110
2025-03-23,6,3,1,82,0.0,71.73790973491307,29.099194637084278,0,0,None,0.0,103,110
2025-03-24,0,3,0,83,0.0,63.9113522526686,31.32092478210899,0,0,None,0.0,128,110
2025-03-25,1,3,0,84,0.0,73.86913829929186,34.19194417559922,0,0,None,0.0,150,110
2025-03-26,2,3,0,85,0.0,61.14479401590539,31.95474255596628,0,0,None,0.0,161,110
2025-03-27,3,3,0,86,0.0,71.54694209941404,33.849059824719866,0,0,None,0.0,143,110
2025-03-28,4,3,0,87,0.0,73.22634096629578,32.60931653647403,0,0,None,0.0,131,110
2025-03-29,5,3,1,88,0.0,76.94392756844886,30.41202327935609,0,0,None,0.0,124,110
2025-03-30,6,3,1,89,0.0,70.81537622651489,31.78385147373703,0,0,None,1.0,126,110
2025-03-31,0,3,0,90,0.0,71.56459851036946,32.14476695967726,0,0,None,0.0,143,110
2025-04-01,1,4,0,91,0.0,72.56517016475459,30.745333246041227,0,0,None,0.0,155,110
2025-04-02,2,4,0,92,0.0,74.36500098218517,34.20463086650543,0,0,None,0.0,160,110
2025-04-03,3,4,0,93,0.0,79.85133764535685,37.662609237444826,0,0,None,0.0,156,110
2025-04-04,4,4,0,94,0.0,76.37997782777562,34.48769728154979,0,0,None,0.0,162,110
2025-04-05,5,4,1,95,0.0,71.42634936151214,33.73620043796406,0,0,None,0.0,134,110
2025-04-06,6,4,1,96,0.0,67.17210206869463,33.99819153369462,0,0,None,0.0,109,110
2025-04-07,0,4,0,97,0.0,65.64291164400878,31.325295206045944,0,0,None,1.0,161,110
2025-04-08,1,4,0,98,0.0,73.4196175635213,34.37262442964422,0,0,None,0.0,159,110
2025-04-09,2,4,0,99,0.0,69.65594341855903,33.95868280335604,0,0,None,0.0,168,110
2025-04-10,3,4,0,100,0.0,71.202104519661,32.14128807982232,0,1,Local Festival,0.0,194,110
2025-04-11,4,4,0,101,0.0,67.77058616561129,32.822341872032055,0,0,None,0.0,192,110
2025-04-12,5,4,1,102,0.0,68.25267227616419,33.59682551436348,0,0,None,0.0,146,110
2025-04-13,6,4,1,103,0.0,73.10245027283177,33.7608759823873,0,0,None,0.0,135,110
2025-04-14,0,4,0,104,0.0,78.71660597106496,32.939957348983874,0,0,None,0.0,137,110
2025-04-15,1,4,0,105,0.0,73.20341543417699,32.07153871914394,0,0,None,0.0,148,110
2025-04-16,2,4,0,106,0.0,64.65872464100006,32.41987928587129,0,0,None,0.0,134,110
2025-04-17,3,4,0,107,0.0,65.537557648158,31.523189096756063,0,1,Local Festival,0.0,173,110
2025-04-18,4,4,0,108,0.0,69.99038160532723,34.008375847392024,0,0,None,1.0,192,110
2025-04-19,5,4,1,109,0.0,72.41592293706783,30.71947141635143,0,0,None,0.0,137,110
2025-04-20,6,4,1,110,0.0,69.83191883161882,31.782161108894655,0,0,None,0.0,119,110
2025-04-21,0,4,0,111,0.0,63.8195262254134,30.6848002881868,0,0,None,0.0,128,110
2025-04-22,1,4,0,112,0.0,73.85264767333868,31.38174518759893,0,0,None,0.0,126,110
2025-04-23,2,4,0,113,0.0,67.09152221940624,30.09258271880048,0,0,None,0.0,137,110
2025-04-24,3,4,0,114,0.0,66.25711524805811,32.37647240003962,0,0,None,0.0,144,110
2025-04-25,4,4,0,115,0.0,69.05151417887555,33.34059223454829,0,0,None,1.0,176,110
2025-04-26,5,4,1,116,0.0,62.8829910677996,33.33447539883333,0,0,None,0.0,145,110
2025-04-27,6,4,1,117,0.0,65.50927240794354,32.90719977149775,0,0,None,0.0,113,110
2025-04-28,0,4,0,118,0.0,65.56647640397118,29.976519125807975,0,0,None,0.0,134,110
2025-04-29,1,4,0,119,0.0,68.27728025785217,31.30254361109736,0,0,None,0.0,134,110
2025-04-30,2,4,0,120,0.0,76.22344592483434,31.480019801090254,0,0,None,0.0,117,110
2025-05-01,3,5,0,121,0.0,61.013749873776405,30.964265303257992,1,0,None,0.0,125,110
2025-05-02,4,5,0,122,0.0,63.06017279406778,31.321533922058006,0,0,None,0.0,138,110
2025-05-03,5,5,1,123,0.0,63.002735493187,30.765674790626885,0,0,None,0.0,117,110
2025-05-04,6,5,1,124,0.0,68.03843819340536,32.82014880020548,0,0,None,0.0,112,110
2025-05-05,0,5,0,125,0.0,65.87428721574474,31.772144731604104,0,0,None,0.0,136,110
2025-05-06,1,5,0,126,0.0,75.66777030320829,34.00340624473387,0,0,None,0.0,122,110
2025-05-07,2,5,0,127,0.0,74.19053683309961,30.36029532410065,0,0,None,0.0,134,110
2025-05-08,3,5,0,128,0.0,61.963210019454806,33.42149329832267,0,0,None,0.0,147,110
2025-05-09,4,5,0,129,0.0,72.48094933810847,32.38815728515155,0,0,None,0.0,153,110
2025-05-10,5,5,1,130,0.0,68.4216380918713,32.343439449381506,0,0,None,0.0,115,110
2025-05-11,6,5,1,131,0.0,73.92091615148149,33.628805195476865,0,0,None,0.0,87,110
2025-05-12,0,5,0,132,0.0,70.00308204386573,31.435681358598078,0,0,None,0.0,106,110
2025-05-13,1,5,0,133,0.0,71.86090361734387,31.670047612161074,0,0,None,0.0,129,110
2025-05-14,2,5,0,134,0.0,67.4452640858427,32.33678877011432,0,0,None,0.0,146,110
2025-05-15,3,5,0,135,0.0,68.37129206279735,31.386256383578182,0,1,Local Festival,0.0,185,110
2025-05-16,4,5,0,136,0.0,70.25696004560263,31.872875883974938,0,0,None,0.0,163,110
2025-05-17,5,5,1,137,0.0,66.86757082292944,29.118052399427867,0,0,None,0.0,128,110
2025-05-18,6,5,1,138,0.0,68.45255188514508,31.336272508611472,0,0,None,0.0,103,110
2025-05-19,0,5,0,139,0.0,62.22919690150092,32.43842875525287,0,0,None,0.0,122,110
2025-05-20,1,5,0,140,0.0,69.24175462626059,32.19223193568037,0,0,None,0.0,118,110
2025-05-21,2,5,0,141,7.13798566209202,68.92431957831785,29.25620756106469,0,0,None,0.0,141,110
2025-05-22,3,5,0,142,0.9684985548497205,77.79418392912358,30.662218742372456,0,0,None,0.0,140,110
2025-05-23,4,5,0,143,0.0,67.6585705789745,31.502920823782237,0,0,None,0.0,125,110
2025-05-24,5,5,1,144,0.0,70.57109802767151,31.755220154355868,0,0,None,0.0,101,110
2025-05-25,6,5,1,145,0.0,69.49399594511473,32.12214394366419,0,0,None,0.0,95,110
2025-05-26,0,5,0,146,0.0,75.98390125393108,31.96093551624078,0,0,None,0.0,110,110
2025-05-27,1,5,0,147,0.0,66.38034972989331,30.925768092693026,0,0,None,0.0,118,110
2025-05-28,2,5,0,148,0.0,69.04522952636995,31.947647364218277,0,0,None,0.0,122,110
2025-05-29,3,5,0,149,0.0,64.87911574209907,28.654635287972592,0,0,None,0.0,129,110
2025-05-30,4,5,0,150,0.0,73.51064697993303,31.615430234426274,0,0,None,1.0,160,110
2025-05-31,5,5,1,151,0.0,63.00910039737036,31.61968988962668,0,0,None,0.0,128,110
2025-06-01,6,6,1,152,0.0,84.52498782309044,27.45291280300207,0,0,None,0.0,107,110
2025-06-02,0,6,0,153,0.0,94.15721188507518,31.720745366013155,0,0,None,0.0,115,110
2025-06-03,1,6,0,154,0.0,95.37950924632166,30.361937049882503,0,0,None,0.0,122,110
2025-06-04,2,6,0,155,0.0,96.61028773726548,32.44498147274552,0,0,None,0.0,152,110
2025-06-05,3,6,0,156,0.0,95.82586646102746,29.464056810762205,0,0,None,0.0,144,110
2025-06-06,4,6,0,157,0.0,100.0,30.635078641701107,0,0,None,1.0,151,110
2025-06-07,5,6,1,158,0.0,96.5282101463331,30.54174898551339,0,0,None,0.0,112,110
2025-06-08,6,6,1,159,0.0,93.87988939647764,28.7298355883139,0,0,None,0.0,96,110
2025-06-09,0,6,0,160,0.0,88.05196436654434,30.687789777215023,0,1,Local Festival,0.0,154,110
2025-06-10,1,6,0,161,0.0,100.0,30.62946584971579,0,0,None,1.0,157,110
2025-06-11,2,6,0,162,0.0,94.27230891000539,27.68300262627193,0,0,None,0.0,155,110
2025-06-12,3,6,0,163,0.0,97.7054636291251,28.36993275973218,0,0,None,0.0,143,110
2025-06-13,4,6,0,164,0.0,92.53772277023221,29.587033294445373,0,0,None,0.0,157,110
2025-06-14,5,6,1,165,0.0,100.0,30.20759592718127,0,0,None,0.0,106,110
2025-06-15,6,6,1,166,0.0,98.05299228484901,31.787510733352853,0,0,None,0.0,112,110
2025-06-16,0,6,0,167,0.0,100.0,27.928755768667727,0,0,None,0.0,126,110
2025-06-17,1,6,0,168,0.0,94.81491215306117,30.350834450155364,0,0,None,0.0,135,110
2025-06-18,2,6,0,169,0.0,100.0,30.52921001706668,0,0,None,0.0,133,110
2025-06-19,3,6,0,170,0.0,98.59490176364207,29.7050537515703,0,0,None,0.0,136,110
2025-06-20,4,6,0,171,0.0,98.63389510060655,28.520640266284154,0,0,None,0.0,136,110
2025-06-21,5,6,1,172,0.0,92.63865934919745,29.79862187838128,0,0,None,0.0,95,110
2025-06-22,6,6,1,173,12.399774625584396,100.0,26.526324408548607,0,0,None,0.0,87,110
2025-06-23,0,6,0,174,0.0,100.0,31.861660143904263,0,0,None,0.0,113,110
2025-06-24,1,6,0,175,0.0,100.0,25.14775874194256,0,0,None,0.0,106,110
2025-06-25,2,6,0,176,0.0,95.65853634061817,29.36023866479213,0,0,None,0.0,104,110
2025-06-26,3,6,0,177,0.0,100.0,28.110837149639966,0,0,None,0.0,92,110
2025-06-27,4,6,0,178,0.0,94.93052023853731,28.515463138272352,0,0,None,0.0,101,110
2025-06-28,5,6,1,179,0.0,97.30744907310886,27.116898346467483,0,0,None,0.0,85,110
2025-06-29,6,6,1,180,0.0,94.48241284067062,29.191815527758138,0,0,None,0.0,67,110
2025-06-30,0,6,0,181,0.0,98.23604754053841,28.39422439108874,0,0,None,0.0,91,110
2025-07-01,1,7,0,182,0.0,98.14882626807375,27.967728058880827,0,0,None,0.0,108,110
2025-07-02,2,7,0,183,0.0,99.40126409813085,26.80947709242237,0,0,None,0.0,115,110
2025-07-03,3,7,0,184,0.0,100.0,29.36619595906305,0,0,None,0.0,123,110
2025-07-04,4,7,0,185,0.0,100.0,27.982920218903683,0,0,None,0.0,128,110
2025-07-05,5,7,1,186,0.0,99.73439673491227,29.534286936798978,0,0,None,0.0,112,110
2025-07-06,6,7,1,187,0.0,98.75231513706231,29.7583010586725,0,0,None,0.0,100,110
2025-07-07,0,7,0,188,0.0,95.75027020542423,27.432029388990973,0,0,None,0.0,109,110
2025-07-08,1,7,0,189,0.0,97.77154307648051,28.85274918012555,0,0,None,1.0,147,110
2025-07-09,2,7,0,190,0.0,96.52080714146962,27.673184651156305,0,0,None,0.0,135,110
2025-07-10,3,7,0,191,0.0,97.8302650067952,29.290271410840564,0,0,None,0.0,115,110
2025-07-11,4,7,0,192,0.0,90.18328947114966,28.115532104256623,0,0,None,0.0,92,110
2025-07-12,5,7,1,193,0.0,91.76516357955117,24.89480393559079,0,0,None,0.0,86,110
2025-07-13,6,7,1,194,11.533995349268036,100.0,25.438966196838628,0,0,None,0.0,97,110
2025-07-14,0,7,0,195,0.0,100.0,25.2258669171638,0,0,None,0.0,112,110
2025-07-15,1,7,0,196,0.0,100.0,29.11798554785292,0,0,None,0.0,120,110
2025-07-16,2,7,0,197,36.36594139774948,100.0,23.750266935477548,0,0,None,0.0,135,110
2025-07-17,3,7,0,198,0.0,100.0,28.79736125416522,0,0,None,0.0,137,110
2025-07-18,4,7,0,199,0.0,100.0,28.88812610004641,0,0,None,0.0,135,110
2025-07-19,5,7,1,200,0.0,97.78477989435758,25.797196452533683,0,0,None,0.0,110,110
2025-07-20,6,7,1,201,0.0,100.0,26.76146091132007,0,0,None,0.0,97,110
2025-07-21,0,7,0,202,0.0,100.0,27.960272317229677,0,0,None,0.0,111,110
2025-07-22,1,7,0,203,0.0,100.0,27.936832830466837,0,0,None,0.0,108,110
2025-07-23,2,7,0,204,0.0,100.0,25.8643625032626,0,0,None,0.0,129,110
2025-07-24,3,7,0,205,0.0,96.84843760373509,24.599376958312256,0,0,None,0.0,95,110
2025-07-25,4,7,0,206,0.0,97.51714702779688,23.923698087949703,0,0,None,0.0,101,110
2025-07-26,5,7,1,207,0.0,92.64155640406234,25.99978755256543,0,0,None,0.0,87,110
2025-07-27,6,7,1,208,29.781033621346165,100.0,22.26548660947919,0,0,None,0.0,92,110
2025-07-28,0,7,0,209,0.0,96.71082723073931,27.079193918847444,0,0,None,0.0,114,110
2025-07-29,1,7,0,210,0.0,99.83371640733837,25.641224525595554,0,0,None,0.0,123,110
2025-07-30,2,7,0,211,0.0,94.08877025334341,24.301597698215772,0,0,None,0.0,114,110
2025-07-31,3,7,0,212,0.0,93.75117487268005,26.62041595356211,0,0,None,0.0,114,110
2025-08-01,4,8,0,213,0.0,100.0,23.64500596061836,0,0,None,0.0,118,110
2025-08-02,5,8,1,214,0.0,100.0,26.5590077492878,0,0,None,0.0,107,110
2025-08-03,6,8,1,215,0.0,100.0,24.538086974901226,0,0,None,0.0,94,110
2025-08-04,0,8,0,216,0.0,97.69961872933251,25.174216380911787,0,0,None,0.0,117,110
2025-08-05,1,8,0,217,0.0,100.0,22.854849530906034,0,0,None,0.0,109,110
2025-08-06,2,8,0,218,27.478865240362705,100.0,21.93018388720731,0,0,None,0.0,87,110
2025-08-07,3,8,0,219,0.0,100.0,24.622684095684978,0,0,None,0.0,74,110
2025-08-08,4,8,0,220,0.0,100.0,25.466113619649555,0,0,None,0.0,65,110
2025-08-09,5,8,1,221,0.0,96.46353309682019,25.111624973831113,0,0,None,0.0,67,110
2025-08-10,6,8,1,222,170.14378049723206,100.0,6.624922198591833,0,0,None,0.0,91,110
2025-08-11,0,8,0,223,0.0,94.91658435711751,24.42360572330588,0,0,None,0.0,100,110
2025-08-12,1,8,0,224,11.173856063133321,100.0,25.753882780388018,0,0,None,0.0,115,110
2025-08-13,2,8,0,225,0.0,93.99348325116082,25.697502396214965,0,0,None,1.0,123,110
2025-08-14,3,8,0,226,36.13554990837275,100.0,21.927202779375655,0,0,None,0.0,135,110
2025-08-15,4,8,0,227,27.221088910393505,100.0,24.841558634920236,0,0,None,0.0,122,110
2025-08-16,5,8,1,228,0.0,100.0,26.039714660591244,0,0,None,0.0,92,110
2025-08-17,6,8,1,229,0.0,100.0,23.673400158826187,0,0,None,0.0,68,110
2025-08-18,0,8,0,230,0.0,100.0,22.253252967364652,0,0,None,0.0,63,110
2025-08-19,1,8,0,231,0.0,98.96759507411576,25.134612043964427,0,0,None,0.0,82,110
2025-08-20,2,8,0,232,0.0,100.0,25.564513086823446,0,0,None,0.0,88,110
2025-08-21,3,8,0,233,0.0,99.66928357563167,23.200919444021782,0,0,None,0.0,79,110
2025-08-22,4,8,0,234,0.0,94.63931877984334,26.348074896858694,0,0,None,0.0,99,110
2025-08-23,5,8,1,235,0.0,98.9347620110086,22.156591296409797,0,0,None,0.0,72,110
2025-08-24,6,8,1,236,0.0,100.0,26.031299554383246,0,0,None,0.0,67,110
2025-08-25,0,8,0,237,0.0,100.0,22.434639102809083,0,0,None,0.0,89,110
2025-08-26,1,8,0,238,0.0,100.0,22.59758821251734,0,0,None,0.0,87,110
2025-08-27,2,8,0,239,0.0,100.0,24.578768711478794,0,0,None,0.0,94,110
2025-08-28,3,8,0,240,0.0,100.0,25.101336567735153,0,0,None,0.0,92,110
2025-08-29,4,8,0,241,0.0,95.09869411851246,28.366675161344013,0,0,None,1.0,114,110
2025-08-30,5,8,1,242,0.0,100.0,22.001868025821604,0,0,None,0.0,95,110
2025-08-31,6,8,1,243,0.0,100.0,24.832204017297585,0,0,None,0.0,73,110
2025-09-01,0,9,0,244,0.0,97.67097215440918,23.41521183910335,0,0,None,0.0,75,110
2025-09-02,1,9,0,245,13.762350507835148,100.0,21.086280826017422,0,0,None,1.0,111,110
2025-09-03,2,9,0,246,0.0,100.0,24.758481616710636,0,0,None,0.0,103,110
2025-09-04,3,9,0,247,0.0,100.0,22.314329906835468,0,0,None,0.0,114,110
2025-09-05,4,9,0,248,0.0,100.0,23.595385390259533,0,0,None,0.0,124,110
2025-09-06,5,9,1,249,0.0,97.41785178056215,23.152276974386773,0,0,None,0.0,91,110
2025-09-07,6,9,1,250,0.0,100.0,23.874757032200307,0,0,None,0.0,87,110
2025-09-08,0,9,0,251,0.0,98.9707028455983,22.258678869224173,0,0,None,0.0,108,110
2025-09-09,1,9,0,252,5.918169095125318,100.0,20.431635987001954,0,0,None,0.0,111,110
2025-09-10,2,9,0,253,1.5967183798546998,99.51746042745046,22.793675261731202,0,0,None,0.0,98,110
2025-09-11,3,9,0,254,0.0,91.39242575509003,22.591970753538632,0,0,None,0.0,95,110
2025-09-12,4,9,0,255,0.0,92.26248087407228,21.695125481574486,0,0,None,0.0,87,110
2025-09-13,5,9,1,256,0.0,96.5448754788566,22.36137953959361,0,0,None,0.0,63,110
2025-09-14,6,9,1,257,0.0,97.02837095840037,23.478550845234476,0,0,None,1.0,77,110
2025-09-15,0,9,0,258,0.0,97.50865169675087,23.680745130925864,0,0,None,0.0,78,110
2025-09-16,1,9,0,259,0.0,99.3445344874763,21.887668133593458,0,0,None,0.0,89,110
2025-09-17,2,9,0,260,0.0,100.0,23.562690128000334,0,0,None,0.0,89,110
2025-09-18,3,9,0,261,0.0,100.0,27.159497742808902,0,0,None,0.0,87,110
2025-09-19,4,9,0,262,0.0,92.86810538859297,24.273974875316316,0,0,None,0.0,82,110
2025-09-20,5,9,1,263,0.0,98.1706223312348,21.835783154598953,0,0,None,0.0,62,110
2025-09-21,6,9,1,264,0.0,93.70482173059594,19.587324624168133,0,0,None,0.0,44,110
2025-09-22,0,9,0,265,0.0,100.0,24.277839692015696,0,0,None,0.0,71,110
2025-09-23,1,9,0,266,0.0,97.92939416027227,24.253265022854468,0,0,None,0.0,80,110
2025-09-24,2,9,0,267,0.0,98.19146186130067,24.30145271043941,0,0,None,0.0,96,110
2025-09-25,3,9,0,268,0.0,100.0,22.912357192271266,0,0,None,0.0,100,110
2025-09-26,4,9,0,269,0.0,100.0,22.9236994771801,0,0,None,0.0,90,110
2025-09-27,5,9,1,270,0.0,98.63438823796544,24.59206167813293,0,0,None,0.0,64,110
2025-09-28,6,9,1,271,0.0,100.0,22.594611799330877,0,0,None,0.0,55,110
2025-09-29,0,9,0,272,0.0,100.0,21.11960697267826,0,0,None,0.0,78,110
2025-09-30,1,9,0,273,0.0,100.0,22.761848891126235,0,0,None,0.0,83,110
2025-10-01,2,10,0,274,0.0,64.51662150715103,24.295734038173542,1,0,None,0.0,68,110
2025-10-02,3,10,0,275,0.0,68.98720212024335,21.35520369865128,0,0,None,0.0,59,110
2025-10-03,4,10,0,276,0.0,64.25418894534148,21.931177669351644,0,0,None,0.0,70,110
2025-10-04,5,10,1,277,0.0,65.10949381444291,24.25782376189264,0,0,None,0.0,54,110
2025-10-05,6,10,1,278,0.0,68.35936716912495,23.681004841489326,0,0,None,0.0,65,110
2025-10-06,0,10,0,279,0.0,74.7616691953528,22.25061047249401,0,0,None,0.0,58,110
2025-10-07,1,10,0,280,0.0,70.53319925945331,21.761562785414526,0,0,None,0.0,61,110
2025-10-08,2,10,0,281,0.0,66.45056837885267,23.7647039296924,0,0,None,0.0,51,110
2025-10-09,3,10,0,282,0.0,64.87815870434105,22.035093699982717,0,0,None,0.0,73,110
2025-10-10,4,10,0,283,0.0,63.782702748632055,21.733231404604883,0,0,None,0.0,72,110
2025-10-11,5,10,1,284,51.134513332218056,95.99788389756499,19.807650336751323,0,0,None,0.0,70,110
2025-10-12,6,10,1,285,0.0,73.49056865453255,21.317639884563206,1,0,None,0.0,50,110
2025-10-13,0,10,0,286,0.0,69.542819066552,21.746233166998966,0,0,None,1.0,93,110
2025-10-14,1,10,0,287,0.0,65.62758403886818,22.03015839554706,0,0,None,1.0,119,110
2025-10-15,2,10,0,288,0.0,56.93436064114877,19.968630161789864,0,0,None,0.0,114,110
2025-10-16,3,10,0,289,0.0,66.16315622441677,21.35038775248965,0,0,None,0.0,109,110
2025-10-17,4,10,0,290,0.0,65.60139196229625,25.27685774795117,0,0,None,0.0,109,110
2025-10-18,5,10,1,291,0.0,65.12344592325766,21.553820509211583,0,0,None,0.0,80,110
2025-10-19,6,10,1,292,0.0,71.86572526781022,23.567812176708664,0,0,None,0.0,49,110
2025-10-20,0,10,0,293,0.0,66.11898142541223,23.274786995710794,0,0,None,0.0,55,110
2025-10-21,1,10,0,294,0.0,57.8032315875895,25.887764684932186,0,0,None,0.0,69,110
2025-10-22,2,10,0,295,0.0,58.79498605067374,22.878567810604064,0,0,None,0.0,67,110
2025-10-23,3,10,0,296,0.0,63.909832568940956,23.856554685463532,0,0,None,0.0,86,110
2025-10-24,4,10,0,297,0.0,63.708992547936,22.575755004227766,0,0,None,0.0,103,110
2025-10-25,5,10,1,298,0.0,65.49173421960813,25.31508388436719,0,0,None,0.0,90,110
2025-10-26,6,10,1,299,0.0,69.72341752520434,22.795566924657194,0,1,Local Festival,0.0,111,110
2025-10-27,0,10,0,300,0.0,72.37222219899189,26.2747589016834,0,0,None,0.0,107,110
2025-10-28,1,10,0,301,0.0,66.27448535591112,23.290761040637033,0,0,None,0.0,112,110
2025-10-29,2,10,0,302,43.841161296960635,97.84475242482343,19.402313077908293,0,0,None,0.0,104,110
2025-10-30,3,10,0,303,6.3487186089978405,80.2703311566186,23.279437483895027,1,0,None,0.0,115,110
2025-10-31,4,10,0,304,14.180526731428419,72.28302733258042,23.96498435208702,0,0,None,1.0,151,110
2025-11-01,5,11,1,305,0.0,65.01040132537446,25.139131045977614,0,0,None,1.0,137,110
2025-11-02,6,11,1,306,0.0,72.95837355603534,25.308481024510083,0,0,None,0.0,104,110
2025-11-03,0,11,0,307,0.0,66.57177158136093,23.452584988787088,0,0,None,1.0,129,110
2025-11-04,1,11,0,308,0.0,64.21346992104206,21.96707949852987,0,0,None,0.0,115,110
2025-11-05,2,11,0,309,0.0,71.04509296021253,23.60686257449121,0,0,None,0.0,115,110
2025-11-06,3,11,0,310,0.0,63.73201407699633,24.38989247481265,0,0,None,0.0,114,110
2025-11-07,4,11,0,311,0.0,68.17245006356877,19.50649060277553,0,0,None,0.0,110,110
2025-11-08,5,11,1,312,0.0,79.01267772354295,23.486862989787713,0,0,None,0.0,79,110
2025-11-09,6,11,1,313,0.0,73.135890454539,26.38003008538519,0,0,None,0.0,47,110
2025-11-10,0,11,0,314,0.0,72.45760800462888,25.201446295599816,0,0,None,0.0,70,110
2025-11-11,1,11,0,315,0.0,64.74693899680159,26.829515754480525,0,0,None,0.0,102,110
2025-11-12,2,11,0,316,0.0,66.598587837447,25.15602966315119,0,0,None,0.0,104,110
2025-11-13,3,11,0,317,0.0,64.19714675985104,23.41003030032052,0,0,None,0.0,107,110
2025-11-14,4,11,0,318,0.0,63.658894372572206,21.554600269996026,0,0,None,0.0,108,110
2025-11-15,5,11,1,319,0.0,69.49430371629884,23.586189838970604,0,0,None,0.0,85,110
2025-11-16,6,11,1,320,0.0,68.58553812559695,21.726760902199487,0,0,None,0.0,74,110
2025-11-17,0,11,0,321,0.0,61.875532430955346,27.545650162727874,0,0,None,0.0,81,110
2025-11-18,1,11,0,322,0.0,67.98932367889206,23.11478590408503,0,0,None,0.0,97,110
2025-11-19,2,11,0,323,0.0,74.91639812405175,23.422352942590003,0,0,None,1.0,128,110
2025-11-20,3,11,0,324,0.0,79.53037288627782,25.971686177316766,0,0,None,0.0,109,110
2025-11-21,4,11,0,325,0.0,62.63163739611409,23.382769052629918,1,0,None,0.0,113,110
2025-11-22,5,11,1,326,43.79680246688943,88.81118404468891,20.650144572521693,0,0,None,1.0,119,110
2025-11-23,6,11,1,327,0.0,67.62175476982813,24.811938347811655,1,0,None,1.0,100,110
2025-11-24,0,11,0,328,0.0,76.10632123023349,25.929544045784905,0,0,None,0.0,116,110
2025-11-25,1,11,0,329,0.0,72.33797398908958,28.217147488789777,0,0,None,0.0,109,110
2025-11-26,2,11,0,330,0.0,70.75635749853167,23.30385035532197,0,0,None,0.0,117,110
2025-11-27,3,11,0,331,0.0,68.82139839525229,25.913806767163884,0,0,None,0.0,101,110
2025-11-28,4,11,0,332,0.0,66.69625201194224,28.14150562831879,0,0,None,0.0,95,110
2025-11-29,5,11,1,333,0.0,61.257082261407476,26.36271162904271,0,0,None,0.0,91,110
2025-11-30,6,11,1,334,0.0,72.66487172171685,24.74995830301266,0,0,None,0.0,54,110
2025-12-01,0,12,0,335,0.0,58.711425005104175,25.03822309206278,0,0,None,0.0,65,110
2025-12-02,1,12,0,336,0.0,63.824288369290805,27.163899075950035,0,0,None,0.0,86,110
2025-12-03,2,12,0,337,0.0,67.42346956066147,24.405192970016525,0,0,None,0.0,113,110
2025-12-04,3,12,0,338,0.0,66.2288996200873,26.586464491164328,0,0,None,0.0,120,110
2025-12-05,4,12,0,339,0.0,70.66801295041215,26.528621479314886,0,0,None,0.0,127,110
2025-12-06,5,12,1,340,0.0,59.78489409160533,25.331250824163902,0,0,None,0.0,97,110
2025-12-07,6,12,1,341,0.0,68.63733465794941,28.928321854429587,0,0,None,0.0,87,110
2025-12-08,0,12,0,342,0.0,56.28583016452494,25.084310350281193,0,0,None,0.0,89,110
2025-12-09,1,12,0,343,0.0,67.0600527809832,26.231338416444775,0,0,None,0.0,93,110
2025-12-10,2,12,0,344,0.0,66.6992645519078,26.487315045613,0,0,None,1.0,137,110
2025-12-11,3,12,0,345,0.0,69.67321672929816,24.951873264455443,0,0,None,0.0,137,110
2025-12-12,4,12,0,346,0.0,66.00198699803995,26.729976297974364,0,0,None,0.0,123,110
2025-12-13,5,12,1,347,0.0,57.27391316293347,28.19114896634914,0,0,None,0.0,96,110
2025-12-14,6,12,1,348,0.0,68.58223229878786,28.353458221064795,0,0,None,0.0,69,110
2025-12-15,0,12,0,349,0.0,66.39036212666717,26.207016258280245,0,0,None,1.0,122,110
2025-12-16,1,12,0,350,0.0,76.95275530451748,25.438075383678868,0,0,None,1.0,152,110
2025-12-17,2,12,0,351,0.0,69.56291030413686,25.787559315260726,0,0,None,0.0,127,110
2025-12-18,3,12,0,352,0.0,70.49984836707826,26.3911018284054,0,0,None,0.0,115,110
2025-12-19,4,12,0,353,0.0,63.10067106251766,26.536094677491143,0,0,None,0.0,107,110
2025-12-20,5,12,1,354,0.0,60.047782666599694,27.54125626779264,0,1,Local Festival,0.0,124,110
2025-12-21,6,12,1,355,0.0,68.77729584931332,26.75963843658798,0,0,None,0.0,87,110
2025-12-22,0,12,0,356,0.0,69.88177975610041,28.267540029353885,0,0,None,0.0,97,110
2025-12-23,1,12,0,357,0.0,76.29862751255658,26.471224236373754,0,0,None,0.0,90,110
2025-12-24,2,12,0,358,0.0,66.59456052489136,30.126052659339972,0,0,None,0.0,92,110
2025-12-25,3,12,0,359,0.0,66.82592841693014,27.89553254177095,0,0,None,0.0,111,110
2025-12-26,4,12,0,360,0.0,74.36784397575539,27.78071581108484,0,0,None,0.0,134,110
2025-12-27,5,12,1,361,0.0,73.53474133081434,27.335899538077673,0,0,None,0.0,104,110
2025-12-28,6,12,1,362,0.0,69.42400582166339,29.570357848574226,0,0,None,0.0,94,110
2025-12-29,0,12,0,363,0.0,72.24951718680788,25.1809980779707,0,0,None,0.0,132,110
2025-12-30,1,12,0,364,0.0,68.97760986515155,28.543348177257002,0,0,None,0.0,142,110
